player_id,username,password,date_joined,games_played,score
01GWZ2AMK0R11M0PX0N0GBWR03,mparramore0,a75HmZ,5/13/2021,483,6889
01GWZ2AMK2BEAXZTW0EDVMSYSV,abaxandall1,Sbl8Hsnh,1/4/2023,433,40902
01GWZ2AMK5WVPRFJVFVNTV1TP7,kbutland2,0n3BoCjk9hWf,8/27/2021,335,95986
01GWZ2AMK7RX1V7ZFG326ZMYBW,bbarnaby3,h0JxOpNk,3/10/2021,235,45664
01GWZ2AMK8MT0Q7J7SV4XQ0H2K,slobb4,qMMwDfBR3Nw,8/28/2021,17,59354
01GWZ2AMK9ZVFDX29NFYDPM455,kbulcroft5,ZddzAZD5XBKb,6/8/2021,369,21679
01GWZ2AMKBSBQQPBRPGCFQDB5Y,sgilliland6,8S7Ub1c9bz2,1/16/2022,372,61597
01GWZ2AMKDH4W0B8VF9HM9PY0Y,ybracey7,8tKnqA,3/25/2021,419,75321
01GWZ2AMKFD318G6GWZ21Y614R,cfranz8,V5BMMG,1/14/2023,498,88327
01GWZ2AMKG0NNNTF50286J09M9,bvanbruggen9,abnrJhjH1,1/6/2022,247,69770
01GWZ2AMKHMP41ZJDVNVJENXG3,pmundowa,Ij96IVJ,10/5/2022,157,96900
01GWZ2AMKKR2FZSRE7S443NWN5,msoppettb,6B06UCeMA,10/15/2021,79,38905
01GWZ2AMKM8WSA4F6BGXRZ4P3A,acrawc,cD8Y17xp,7/18/2021,177,45229
01GWZ2AMKNQFN8GY1G3SXDDD3S,pclixbyd,KcJO8u,12/27/2022,475,53341
01GWZ2AMKQYY96FBGT4P3GH2F2,fcoppinse,qfAlFD4VxEy,8/12/2021,401,70310
01GWZ2AMKSWZBRWWSEM4DM19B8,evaanf,AgslSue1Db14,12/19/2021,401,89311
01GWZ2AMKVA614CJM323K51DP7,mmcdoolg,u8D98C6ONv,12/26/2022,112,80536
01GWZ2AMKX9DQHHCKYQHWMPB0M,ublighth,r8qCeZS,12/6/2022,14,42884
01GWZ2AMKY164VK2MRM2S4RE9X,etrengrovei,zrgm9XdLY,11/17/2021,195,86544
01GWZ2AMM01WQ17K483ZSCRWDW,dmogenotj,o2B3yfC,10/24/2022,75,26393
01GWZ2AMM1982E7XHD5Q9WX3Y5,tabsalomk,P4XJzJ,4/27/2022,326,92587
01GWZ2AMM29EZ921ZDFHQ1N73Z,ailyuchyovl,1LJUfP9KE1,8/28/2022,126,59127
01GWZ2AMM3991YFMQF3G73H14F,cmcginnym,T0o9TNoUvw,7/5/2021,171,39995
01GWZ2AMM4K07Y0NQKRYKXVBAD,aswordn,tNYZpoD,8/14/2021,276,26506
01GWZ2AMM612KK89DE0J6WWK1E,otumiellio,j4wvwdNk,5/28/2021,349,34587
01GWZ2AMM7QBARQ93X2HE1YRNM,aluciusp,ASjCx0HC,8/3/2022,451,16765
01GWZ2AMM8TH06NW9TD6XC5EQS,selnoughq,HD2LBOW0rlw,2/1/2021,317,60986
01GWZ2AMMAQD6TMJ6FG4P80RMB,cdiffleyr,xOpd4Mi,3/7/2021,394,80122
01GWZ2AMMB1PEFYKYMD5BXM3KP,rocaheys,Kf8TzfPR9Cn,9/24/2021,427,46383
01GWZ2AMMC8RKT0HFX8RRNJ4V4,hfilchagint,BbOEBI9el3,5/14/2021,11,64728
01GWZ2AMMDHRNJVW70Z0CR9KXV,cgushu,1pFQ0la8,8/24/2021,39,85649
01GWZ2AMMETQ90D8AYTW128GNH,kpaikev,dnfl64n0,2/23/2021,369,76089
01GWZ2AMMFMMYQR2J4PMC34Q3R,sabbatew,KFnFzvyculIj,4/3/2021,310,44452
01GWZ2AMMGWP8NJERY4XE7QF18,ogreatorexx,A33HFSs,6/28/2021,3,78831
01GWZ2AMMHJ9R74Y4S52NQF320,knewtowny,RSrFh5,5/18/2022,71,13454
01GWZ2AMMJB00ZVDNQZM1X4P3R,kbartoliz,728SyM,10/23/2021,462,74507
01GWZ2AMMKANV40HM43K0TSJ9W,nmccree10,CgFJAhIee3v,3/11/2023,150,93064
01GWZ2AMMMZGDMXHB3R4Z4W613,amariner11,H6YCbYam,7/12/2022,117,26320
01GWZ2AMMNADWZ6K3F2XMVG60Z,agoadsby12,WnWBngLv8oJ,3/15/2023,469,84705
01GWZ2AMMQ3SGJQ2RZDX8GD0YY,gpickford13,TPbWrl,5/18/2022,277,75613
01GWZ2AMMRA48NC3JENFPT8RZ6,tlong14,7KDtBXH4XiO,9/5/2022,91,73975
01GWZ2AMMSKRZ78C6C1DB3ZQVN,tlinner15,egLQBWVhEh,5/7/2021,453,29290
01GWZ2AMMTY2ZM44PX78XG728Z,tcornbell16,I3yG5n1QNv,9/16/2021,100,68986
01GWZ2AMMV4NEMZ4E0D1V6M8V1,ztadlow17,Tg8o9E,11/21/2021,159,59919
01GWZ2AMMW7M31B9MQF37ACEG8,btweedle18,GVijLtbbiKr0,9/16/2021,162,75378
01GWZ2AMMXBJQRZF39P4VRFR0G,vovenden19,NzWYA0VIQE1,9/15/2022,66,82057
01GWZ2AMMYTFN1JHN37GE3A3N7,ogroucutt1a,4V79yjEr,6/24/2022,146,66413
01GWZ2AMN04KRV6N80B2ZKGG61,fpaz1b,BGLy7lH,2/22/2023,128,60932
01GWZ2AMN1HT87CTDR4B94QG4D,efolomkin1c,7gmrIkOO5,6/8/2021,283,41288
01GWZ2AMN2DAVR72JE3Y0H1TXV,rtourmell1d,8xior0GC1,1/22/2021,467,99626
01GWZ2AMN3HHKX95XNZF0EJ6C1,nchasemore1e,QixmBDhqd,8/6/2021,63,85052
01GWZ2AMN4H7FERV9ZK8X2RE58,egoodlet1f,BLetVRQZ,12/27/2021,194,43151
01GWZ2AMN5KTYT8J4NP1KZJ9SD,mpeye1g,U9mQZ1dAWX,6/29/2022,353,47004
01GWZ2AMN6MN7TN4F08WX67PRP,spaler1h,IytHaXma,1/4/2022,68,99055
01GWZ2AMN7947P8EQE13QYYMH6,tstearn1i,Pl8Rv4w2A,12/28/2022,218,88689
01GWZ2AMN8K4GNWYYWT9CRNY3E,psola1j,SrVQDqdfuR,2/22/2023,268,17089
01GWZ2AMN9KDDY6QS32CFX344S,mlind1k,LM6z2G3DzHw,3/24/2021,85,44092
01GWZ2AMNAMX2SX6N8Q3F5P7Z5,cdewen1l,2zNaRBcn7,3/29/2021,125,98367
01GWZ2AMNB28GZ9BWDPC0JE7HZ,waylesbury1m,aqLmwO5X,6/1/2021,473,1360
01GWZ2AMTHHMGW3QGDEHVNPHBS,rjeannard1n,KD8mQeLtHoze,10/9/2022,182,37811
01GWZ2AMTW92K7AQSC6TSK72XP,fgeraldo1o,l6Pb5hRNS,3/26/2023,37,86458
01GWZ2AMTZJRJ3RBNKBJJJSHCX,hnyssen1p,rH8jDRtO9ACW,7/6/2021,61,26512
01GWZ2AMV13HBZ5EE20PR7ZSKK,tmathy1q,iSdBfPedKFcC,10/11/2021,114,83408
01GWZ2AMV3J9RDZBW4JC9GQQH7,gkemball1r,Dg1g8y3WhD,7/17/2021,415,7352
01GWZ2AMV5Z4WFG2A15PZEPZCJ,scristou1s,iZY0TmY,1/6/2022,177,24179
01GWZ2AMV8MQ2SN3NKFMJH1FNH,htenney1t,dV4ii7,3/1/2021,48,33160
01GWZ2AMV98S086E38FM8XFN9Z,cnassau1u,GjWDJVdDVf0,3/12/2023,468,30480
01GWZ2AMVB8R7TSSRXTQ0B6V3H,pughi1v,jICBl7g,3/15/2022,131,8465
01GWZ2AMVEMJX9FG2861CYQ50P,vdallimore1w,h9qvBfGIDOf,6/10/2021,190,35662
01GWZ2AMVG1KAWTXTXMT7S61AQ,oghent1x,VEM97zh654,1/6/2022,132,1595
01GWZ2AMVJFNZYM8PTZ7JQP53D,msutherington1y,0iifB7P9OX,11/2/2021,168,30528
01GWZ2AMVM5W3EMKFAVMNE5D38,coulner1z,tNj8EdG0wuj,3/29/2022,86,98398
01GWZ2AMVPEJYPC4CMHGFVA4D9,sworg20,9oXYCdfZ,10/28/2022,455,1922
01GWZ2AMVRVB82BZQHY4564CJ6,lblitzer21,zjsAgi8tcik,3/29/2022,312,84293
01GWZ2AMVTYA1ZKHWN4XD8BG17,lwankling22,k07TekMfb,3/25/2023,262,88310
01GWZ2AMVWV9ZH4609M5E2RKHC,abowness23,X07A7SFlnk,4/24/2022,406,80115
01GWZ2AMVYS5QHRY81EYB154Z4,gcecchi24,e1MztR2W5Rup,9/10/2021,247,2432
01GWZ2AMW0SPVCG61BDKNMVCEF,btullot25,3IuREx,5/28/2022,178,53360
01GWZ2AMW2BXA1GBNW9QXVJEPH,cpunch26,LCSqTLclaIL,11/4/2021,175,74345
01GWZ2AMW42M9ZQ33R7BHP3K6M,jrigmond27,xOGQSW7cZHG,5/27/2021,331,17341
01GWZ2AMW5MRRT48XSKFVXFP6C,wbraam28,nzOLmqI,5/28/2022,496,6201
01GWZ2AMW7PH5YF754169V0H1Q,rdepport29,m9DBLc,7/25/2022,444,97586
01GWZ2AMW8H5BVG7BW4PBYDFVG,twolpert2a,urkgQkF0ksP,4/18/2022,133,49405
01GWZ2AMWA9JAHVGPR8HXH2EPM,igiacomo2b,u1tiBcnJ1GVF,3/27/2023,325,71050
01GWZ2AMWBXWTV4R6NAYYAP1SP,sgreim2c,sKl1gzwGlD,12/31/2021,24,74117
01GWZ2AMWC3CCC36X5ND8J7YQ6,msaffill2d,xUxezTvHV,1/14/2022,255,82189
01GWZ2AMWE7QPAZJ2CKD5VWCBY,pshields2e,qUgdICsa,9/24/2021,379,91653
01GWZ2AMWFDVG25DYDE48KEBCR,svila2f,GnSg4eZMfAWd,7/4/2021,40,71014
01GWZ2AMWHTEY0PT2HZCKXFZCF,wanfossi2g,w6l2w5U7,5/2/2021,177,29697
01GWZ2AMWJEK4CDPHH2YMCHEK6,kbrazil2h,tPPWFwO,4/26/2022,351,37471
01GWZ2AMWMYP0ND3CP9PA68CSS,clindop2i,MEucKFsl7c,12/8/2021,297,27034
01GWZ2AMWNB0ZGDHABJMETWAX0,cgrinter2j,wUcKwv,8/24/2021,293,85966
01GWZ2AMWQB9772YY9DZNX260A,ejennens2k,lDuzxa,3/10/2023,70,58775
01GWZ2AMWR07CJ50AJ2R3C0FBE,wcircuitt2l,oT4koy,10/27/2021,130,71460
01GWZ2AMWT1B03VZMEGD4FXZHH,krawdall2m,xnxSxOE0CZ,2/21/2021,292,28805
01GWZ2AMWVMPEE4HFX237ET07Q,eobington2n,FrHwBwxzul,11/29/2021,242,37319
01GWZ2AMWW33T14D657XGFGQ0W,egommery2o,CTUS0SaLsyS,1/6/2022,271,13246
01GWZ2AMWYKNS1VKV562BAJ45Y,adunnaway2p,xlrYmUf7nkv,5/18/2022,57,84971
01GWZ2AMX0121XC38XKPWC4K52,atomei2q,o5kS5j23PHY,5/31/2021,241,48766
01GWZ2AMX201EKG9529PVMFWZ2,rtills2r,jgXIce,8/7/2021,446,69789
01GWZ2AMX4R36YMA8SKTR2TKSJ,imcgeneay2s,bLWuX0VEG,1/21/2021,175,94514
01GWZ2AMX5CDJTX9M36PEB8PP1,kleiden2t,88qleGxhV,3/24/2021,448,31693
01GWZ2AMX6S6JMJAZJM335D1KH,smutch2u,7eivYv2,5/18/2021,364,97379
01GWZ2AMX8SHSD0Z4ZZ3VV8QME,tandrzejczak2v,cSW9gROk,12/11/2022,203,88401
01GWZ2AMXA82GPQRMXJW22MRE7,wbaudacci2w,ULK3ezkxE,7/18/2022,4,56669
01GWZ2AMXBZ9E3ABDKT7WJBS7C,agussie2x,l3TEtWaY,7/7/2021,251,76359
01GWZ2AMXDKEYYS9YNE5DGV3GD,lmorsley2y,JHIF1JkwAqd,10/14/2022,239,53367
01GWZ2AMXEHFCFMAEHRY038JC9,dstevings2z,v9fN7kfy,12/18/2021,470,97616
01GWZ2AMXG12ZNMD0X1009ZHRE,cvergo30,eUi1xHLaXxf1,6/1/2022,153,22675
01GWZ2AMXH82X50VW8WKSKVZC4,dvallery31,wLEvxmpmD1n,1/3/2022,492,91238
01GWZ2AMXKC6EV7NC5RK6YQVV2,bdrinkall32,lvCidFQ,1/17/2021,321,99194
01GWZ2AMXPM6EYNM0X20NDGXNH,nbalderston33,mN5gc4,3/19/2023,130,78844
01GWZ2AMXRH0568H0RQBNX4VPP,mbaraja34,kzBPn1M,7/25/2022,123,77797
01GWZ2AMXSBHY3XFPJCWQ1689G,hherety35,exPxgCq,3/17/2021,114,3627
01GWZ2AMXVTYE47XS99VDA7Z8T,eeccott36,ZcrZ5uf0On,4/22/2021,357,20081
01GWZ2AMXX992Y0NDAANMQA8F3,cfishlock37,phC73s2xk6,5/31/2021,497,47181
01GWZ2AMXYZ21JC1EJFVJ7YQXW,gbroader38,bKm644,9/7/2022,366,75016
01GWZ2AMY1HNGNHQ77NWQBPAAW,plazonby39,2o2rmwcVh,11/17/2022,234,11710
01GWZ2AMY2QNV6EYEC8WQWV5HH,zmclernon3a,jcNgftfMQ,9/22/2021,125,74181
01GWZ2AMY42D66Y93KPH66H6D0,vowenson3b,hRMOYF,12/6/2022,247,10246
01GWZ2AMY5CZF95A4F6BG2KXRV,dpink3c,Gl6dtCzzY2wj,12/22/2022,23,64644
01GWZ2AMY7A7CB8TCDJ1PEA2AE,abrooke3d,67aIMVdlj,3/5/2021,450,70223
01GWZ2AMY9BB0GWG6HA530RXJ0,dtindley3e,kOdJxMAa,3/29/2021,438,60087
01GWZ2AMYA6EYH716EG5Y1A1Q6,thowlings3f,k3eZFsx,11/11/2021,311,84437
01GWZ2AMYC4EQNVE9170VPBGAP,dnewbigging3g,zYVvHGI0w,2/12/2023,199,51765
01GWZ2AMYDA1410EBZ9CNJGWQY,lbestwick3h,DkGsvIA,5/6/2021,204,56476
01GWZ2AMYFN3V1M3K64EB4B8V3,vthonason3i,7sabVOrQe,3/20/2021,112,91618
01GWZ2AMYGDW33Q14W3JSYAKT2,dfilson3j,SDn3JCRV7zx7,12/21/2021,308,6230
01GWZ2AMYJBQ83ESE8W7850WDV,mtewes3k,aw4OPLs,1/8/2023,136,51024
01GWZ2AMYKPXFP7GK10TN3F44X,rplanks3l,FsdBSs,3/5/2022,250,50013
01GWZ2AMYNK1KT08P11HWB1X0M,krussell3m,pElGa5,8/14/2022,89,3274
01GWZ2AMYQW5EJK04H03B143M2,enardrup3n,1t78hhqWNs,5/4/2022,453,29670
01GWZ2AMYRMQJQT21392T83K16,jcowp3o,wJcDSzX,2/12/2022,245,22239
01GWZ2AMYTMM25M3K998SBGBYS,deberst3p,D3YO6Sft4,6/22/2022,398,77722
01GWZ2AMYV6D8GYG0B58QD6KFV,kmouncher3q,dG6ti4,11/3/2021,82,59004
01GWZ2AMYXE0125QTEREJAPQNV,imayhou3r,c9cKwN3G,5/6/2021,460,32746
01GWZ2AMYYBQ8W8DGWETPPBD3Z,mmelin3s,ZRPEMQz31a,7/12/2022,286,77274
01GWZ2AMYZEQRZHCRSXPCRCYAQ,otinston3t,Clx5sO83H,3/1/2021,385,44594
01GWZ2AMZ19W9A7BEQ573ZAPWJ,msibley3u,zyRpc1vICa,7/24/2021,442,74737
01GWZ2AMZ2YAYAK63AT6W99WE4,fgethouse3v,MDO22AS,5/28/2021,476,84414
01GWZ2AMZ4DQAP1NT2759JV0N3,spittet3w,QBmhnR80vFzm,1/19/2021,20,2227
01GWZ2AMZ57BYCD3W2ZGWATAYV,gcolborn3x,TpA7m2zRib,7/9/2021,90,69989
01GWZ2AMZ7S81STMV0QCN6XQQG,hbattram3y,cCutXmE,3/20/2022,384,39681
01GWZ2AMZ8ZHQWC21BD64Q5CMZ,tnolan3z,Ak5elVji,12/24/2021,201,45043
01GWZ2AMZ9JW0TJ4HGFNVF2Q84,coxbury40,ygHP2Cz5oz,3/27/2021,394,66107
01GWZ2AMZBV2ZAZX9FNVTGM7T7,cwillmetts41,O6YF4mywE,11/8/2021,376,36194
01GWZ2AMZCMGKACQKW8P7A0AWM,uworswick42,ZkGZSR8pxf,7/14/2022,37,13485
01GWZ2AMZEQ5FP9EWVEBF6650Q,mferreiro43,FjgBaS0Bbh52,10/20/2022,374,64250
01GWZ2AMZFBZ4C3REZS2R7GEWX,gjarrett44,Dxx9s5KrtnW,11/10/2021,263,60624
01GWZ2AMZGHEPFP7RG8W0ZZTV7,sthoresby45,wHgVl2T,7/20/2022,38,49405
01GWZ2AMZJAYNB5FDWX2A4NKRY,hdumbleton46,xZyvhrDxH,7/27/2021,335,94219
01GWZ2AMZM52MT85WB902YRC0V,mshuard47,nnnQqoiq,7/24/2021,340,57281
01GWZ2AMZNWZPVGDS5W2B3P86D,athibodeaux48,zs5Urpr4AjG,12/30/2022,212,5018
01GWZ2AMZQ41BJEVW40S3ZFMHR,tblackden49,dMaSaOV,4/10/2021,325,96587
01GWZ2AMZRQN4D8BQW7CGTF983,lcastan4a,AcMkrpZ5,6/28/2021,182,35272
01GWZ2AMZSN9Z9EK5EQKXPWP17,jhebborn4b,iTH9vqQxA,3/16/2021,247,17978
01GWZ2AMZV88RD4HA3VFHKEE1K,kdupoy4c,pMUyfW,8/11/2021,461,496
01GWZ2AMZWKVGED1SMEX9RZD7X,cellershaw4d,avI3wMZ8DpX9,8/26/2021,333,20598
01GWZ2AMZYQB1G86FCRSG32R0H,belce4e,8DSryf8wAeiB,3/15/2021,296,23877
01GWZ2AMZZPM8ENPRV9PCZ3DK6,ogiral4f,2BVAnN4a,1/26/2023,246,44018
01GWZ2AN00V8BJCVZJFKZQR29Z,isaddleton4g,IkTXu8xxz4,8/13/2022,415,18962
01GWZ2AN0279TPZE93KTKJZGJP,adomniney4h,R3KpIYO7,3/20/2021,302,17474
01GWZ2AN03MG5KSMF6KXVNW2AA,cdyball4i,f7lFlz5ovW,5/9/2021,182,21937
01GWZ2AN05EGGQF2AT80NBA34X,rpavitt4j,8YwWG8mVZ,2/6/2023,404,62504
01GWZ2AN06F5XZ06EC4BETHWVS,vpinor4k,2KNiP1Z,10/24/2021,300,33877
01GWZ2AN075WPHDAKJ6PCFCZTZ,jerskin4l,yzfSaWoKfivW,11/29/2022,364,54896
01GWZ2AN09MD10WVEDANTN5Q5V,ppirnie4m,1kw5IUDgT53U,2/21/2022,496,85199
01GWZ2AN0AZ8X27QFQQH4DDH97,rcrewdson4n,2FB7Qz,2/19/2023,76,84803
01GWZ2AN0B23NAE4CCZ91GA0FB,nbroster4o,Nv9BNmnr,9/9/2022,322,89145
01GWZ2AN0D3KMBFW1K00DE059C,ckemwal4p,3uCmkPD,3/7/2023,237,78670
01GWZ2AN0EE2VMBF54AMW9X14A,wfisby4q,3zs7SS,2/10/2021,331,29513
01GWZ2AN0GQTVC3JRXY1V3SQMT,cearle4r,m1niqpdEFLg,8/16/2022,451,57864
01GWZ2AN0H1Q80VDRBAS4S8M5G,whenriksson4s,aS4D1HAKfx,3/23/2022,157,44617
01GWZ2AN0JTHW37X5SPAF15RKP,rnorvel4t,rV9iAkqFXk,3/12/2021,82,16918
01GWZ2AN0M19DF0C57QFV3A06V,citzakson4u,t56Ic8,3/7/2023,486,78638
01GWZ2AN0NM095S5CGC42VF59J,myuryaev4v,8IoBlQI,6/2/2021,238,40744
01GWZ2AN0QDE9RZ9TMK4PT8QZQ,rnolton4w,0iayR1TNM,8/11/2021,381,22074
01GWZ2AN0RDZAE52GWQ8TH982C,spriscott4x,TIp0U7AsnTv,1/15/2023,464,18544
01GWZ2AN0S0Y5E9WTYB4TNJV5H,areyburn4y,A6awBHA,6/12/2021,117,63977
01GWZ2AN0V184DHMS0JZ1R34V6,anutkin4z,M402k2,4/2/2022,409,50151
01GWZ2AN0WDQSVAF2175DBR50R,rcordelle50,qHQN6ejlhg,3/2/2022,452,47202
01GWZ2AN0X1MT8KWBPSTMXC33M,skeyser51,JkALluQG8aeT,1/4/2022,33,46615
01GWZ2AN0ZRB25VPG2TE0KB0FM,sfigiovanni52,BfBznQPoZlMv,1/12/2022,216,32716
01GWZ2AN10H32F2WTHPATDCP9C,alattey53,XFaYuXgak,9/28/2021,19,56924
01GWZ2AN1QV8G92A1XTYMJRAHZ,msell54,MsjZ4TTgJ,4/1/2022,269,61131
01GWZ2AN1RCNNC60Y5971F8DB7,keldon55,6NXVzi,9/5/2021,386,24942
01GWZ2AN1TRN9DDNGQQCH0HWBZ,bhandslip56,eVh2jyt,7/27/2022,394,47383
01GWZ2AN1VXY1BE6W2P98X9CPG,ralthorpe57,FZcu2m,4/23/2022,16,2079
01GWZ2AN1XG12B6A5YN6PV9YFE,ddener58,MRgpCK,12/16/2021,368,659
01GWZ2AN1YY8BYS0KRSK8MZVCD,tcrannis59,L9uPg7qd,12/22/2022,32,13314
01GWZ2AN20VF7ZADMKSQAHZ87N,dbirtley5a,MDKG4kl,8/5/2022,73,52978
01GWZ2AN2140QEQDPM71HRSSJ2,jmcquilkin5b,RKWjlsCZz,11/21/2021,388,2583
01GWZ2AN22TNSZ78PXN8BXQEQN,pcastelyn5c,AzZGiIZ8RE,1/29/2023,264,13327
01GWZ2AN24DX57FQ84RHFR78BH,lderdes5d,9IpnAQJkz,5/30/2022,281,19600
01GWZ2AN25ZASCK9AWS2NRX8BX,histed5e,WiSJjfBl,4/3/2022,270,70997
01GWZ2AN26XH15MH6J0G3TWAXD,ccyson5f,uyLIvMWu,9/8/2021,198,88717
01GWZ2AN27Q1HC28VXDR1MJNN5,kgarrold5g,8DpD2QqJe4nm,8/24/2021,220,58963
01GWZ2AN288SJ2K8X60JGF9K4Q,kcockran5h,w4R1ojTUdVn,4/9/2022,385,39515
01GWZ2AN2AB6M8J56CGP1S6ME4,hpeaurt5i,q2Z0yfusGdRM,10/23/2022,301,7954
01GWZ2AN2BX64J0W5CYSD6A6PJ,pstraine5j,BrN3Tn6Ww5m,1/20/2021,168,29554
01GWZ2AN2CHZKN0HJTA5T580G4,ncallacher5k,vZEPPtb8cm,11/19/2022,345,13982
01GWZ2AN2D10P9H5HCBWC10P21,psimmig5l,RyxGXDO0fD,2/14/2021,491,50346
01GWZ2AN2EC9KAXZ6JZTVPMJEV,tcobley5m,C3vp6t37eUi,6/12/2022,105,11017
01GWZ2AN2G2QCK3QZRZK20AD04,aeldridge5n,8XEJNiImdSnB,12/31/2021,40,65524
01GWZ2AN2HDQTYS9KP1PK67Z9Q,clemar5o,02UdvjDE,8/11/2021,425,28540
01GWZ2AN2JC6X235YSM79B66Z2,cvreede5p,VJM6ocbe,10/13/2021,264,68571
01GWZ2AN2KC458149WHVN3S8WQ,gsantora5q,cPRlq9,9/29/2021,147,83607
01GWZ2AN2N1AFFCAA61XNVB2YF,tbambrough5r,P73TlPY,10/2/2021,151,25509
01GWZ2AN2P02DK1TBR2D0ASWPX,djewise5s,7uEy4qgING,9/3/2021,311,45851
01GWZ2AN2QMQEB5F7GSGZX0G66,ofriar5t,ag6sLx3Ir,9/4/2021,187,75540
01GWZ2AN2R3XPEWNRNV6Z0HKY2,zjaume5u,syCBAv8i,1/17/2023,389,16409
01GWZ2AN2S0XQKYP2KX3KH2QV9,hpenella5v,Sz9eJRnEcR,1/5/2021,35,84769
01GWZ2AN2TS8KN4YCN4PZWBVRS,mklagges5w,PXMLrFfvAZSe,3/17/2023,219,5542
01GWZ2AN2WYEYGBKVTZAN6Z4BR,gvernalls5x,2ASGpVo9,2/22/2021,167,92110
01GWZ2AN2XEMTB4E82ENHGTV83,mjoyes5y,oDUPe4L38XKs,3/12/2021,19,52300
01GWZ2AN2YGXXXG6ANGRQ0MBYK,dbillham5z,illmUyIp,3/25/2021,299,16206
01GWZ2AN2ZK9T9YS5ZP39NW7XQ,cector60,sdeSNlZndmU,12/7/2021,77,49784
01GWZ2AN3017EJYD41NCD95Y3N,mbolger61,SSaJvP,10/11/2021,20,58911
01GWZ2AN31D1ZR640RQW0969X1,aabrashkin62,wHSiL1B,5/19/2022,380,67616
01GWZ2AN32ZWYFF9A6PF3RH431,lfellona63,TEcjCrRX,5/28/2022,49,67057
01GWZ2AN34H20MRCPM73BHMKBB,gdreigher64,cepL23T0r7cC,4/3/2021,63,36562
01GWZ2AN35PGFD7RAF5FBMSR32,gshorto65,PlgwnrO,11/4/2022,173,72220
01GWZ2AN36JCR5XD3ZM108WKJB,blanfear66,nHsoIZ9t,7/15/2022,169,70832
01GWZ2AN37CGD9FMJ7P6PQHR9A,jchisholme67,tZNk2e,4/18/2021,452,80165
01GWZ2AN381GYPYBDF2WBB1HAG,ctuting68,ZXucIRGHi9Q0,12/3/2021,315,13037
01GWZ2AN39CYD3955M4QNMVTJE,cclemes69,bFtmVC300Y3,1/10/2022,344,96544
01GWZ2AN3BE87NWDBFESR3B4NZ,feagleston6a,8UOeKPOHsD,10/17/2021,138,43687
01GWZ2AN3CZA3FNV5EV2ERQBQ1,aickovits6b,iRLa1garZ,9/8/2022,219,67213
01GWZ2AN3DC1JJB0DW5A33A5YR,jcabotto6c,VuQ8hFZQTXs6,5/22/2022,332,47793
01GWZ2AN3EA3NDFWZCN59TPC2Y,aseary6d,tNWowxTq,3/22/2022,179,36051
01GWZ2AN3FEZ5XA6VEBR190TWC,rgiorio6e,ulVejoIep,10/29/2022,434,62444
01GWZ2AN3G0XNV51GAA24G86BY,nliebmann6f,iwGlZxavyvQ,5/14/2021,316,11321
01GWZ2AN3HPJJ8HXTTADAD39ZH,jpelfer6g,mQGVyTpCRg,11/25/2022,229,71632
01GWZ2AN3KFQ3T3DX2WHCBJ4MG,mstrafford6h,jQdtauyB73Y9,2/3/2021,20,80227
01GWZ2AN3MX3NSMM2C51G2R633,npavek6i,vS1GWuMZ,3/22/2023,219,66503
01GWZ2AN3PF1C0N6HQDKQNEE48,gruppel6j,rlmycdHFxW9C,3/19/2021,210,5894
01GWZ2AN3Q3MRB7E68BBFP379F,rlugard6k,ZtUqhmMGN4,7/12/2022,269,79951
01GWZ2AN3R563Y7YBJYNDMC0NY,kzima6l,dgh1TQaF0iJj,2/18/2023,28,17608
01GWZ2AN3SEMPN6WRDGFQBE8DB,dgalland6m,OgtLgXpW,11/9/2022,367,69577
01GWZ2AN3TY985Q2QZP3NKTDD4,gmartignoni6n,nHtLy5Xjus,10/20/2021,131,63736
01GWZ2AN3WW8X00DAW7KKCBCA0,jsilverthorne6o,CTiQ6ifQ,2/28/2022,100,44845
01GWZ2AN3X93P2Y20JBHNG9PEK,krump6p,1262x3w0KD,6/29/2021,481,84148
01GWZ2AN3YFNPTTNJY6QCC19RM,lbettam6q,mu3f0FAJnOfE,5/5/2021,184,41712
01GWZ2AN3ZCJA541C89BX2AN0C,ggladdifh6r,pU52a7fyN5m,12/26/2021,189,16379
01GWZ2AN4011BEXS528S25RHDR,knehlsen6s,fXTiRgR9,1/19/2022,178,30440
01GWZ2AN41QB37Q72AE76R81KW,swickwar6t,Z2xXRiiK,12/8/2021,261,51282
01GWZ2AN42SWNW4NT4287H7S42,blaugharne6u,yqQyjJK,10/29/2021,322,25623
01GWZ2AN43TFRT4J3RQJSWJFHD,asherborne6v,1xUxM77fotv,7/21/2022,80,82839
01GWZ2AN440BT2AAAS22FQW2D3,cstanton6w,oxU6dKYI,2/10/2023,339,59789
01GWZ2AN46SDTMKBWQBWN0FJMW,ubottomley6x,Bl6nky4Mu8,8/3/2022,255,54462
01GWZ2AN47EVHVWNWKRFZPT119,svenn6y,6TRKagwJGyB,10/18/2022,54,4389
01GWZ2AN481NKE8Q3NGKRY3DRW,jgelland6z,P4UBCdacmsBr,1/27/2022,334,93534
01GWZ2AN4A7RPTMNM2K7AJJFN5,bfantin70,TuQoxf,2/23/2021,176,76408
01GWZ2AN4B32ETMGXZY3RWQ6QF,gvaillant71,y4eTK5luzeG,4/25/2022,366,39194
01GWZ2AN4DB61GZKBTADC9VG26,nkleynermans72,Evk3eJq,8/20/2022,245,35423
01GWZ2AN4EZKPEGDD7VAZP42RM,pnecrews73,lCAPDEnjYr,10/4/2022,478,93681
01GWZ2AN4G538KRSZW9HRKRCPC,earkin74,h5slxBTx1xzb,12/18/2021,54,9944
01GWZ2AN4HAFRJJ7WAN5YNSBTD,hbatts75,gQufZ6TjSDS,4/15/2021,193,49702
01GWZ2AN4KMMMHP85T5CB45WFW,rthornebarrow76,cc4rDL,2/4/2021,297,43344
01GWZ2AN4M86N60TTW90HVZPSJ,lwakes77,uruUde4JAF1j,11/3/2021,264,55846
01GWZ2AN4NAVSMKRMRRA5XNJXT,gboschmann78,B7GRTs3WZ,10/13/2022,45,88469
01GWZ2AN4PPK88562V6KMQR6RR,gpinilla79,sIasS00DmNB,10/24/2021,109,64378
01GWZ2AN4RZJ7XSAM8T9NEB396,mpalffrey7a,atbp2hU,2/11/2022,196,81675
01GWZ2AN4SN04F2HVX7T73MTW2,cfowle7b,BG4BDLeYn,8/23/2021,120,30588
01GWZ2AN4TXP9FC64ASJARXQK7,nbrandenberg7c,NQkooI,12/25/2021,320,56737
01GWZ2AN4V1EBZHMKK15VKV1B2,gcruwys7d,VnHLxvrSIgNW,6/16/2021,16,54032
01GWZ2AN4WY0Y9RF886CF45S8G,bjay7e,fffVgpCKH,3/26/2022,315,66131
01GWZ2AN4XJA9MBZMEXFDKY895,agerleit7f,Zm9Hgc4,2/27/2022,133,868
01GWZ2AN4Y248RMFC9F6QA79JV,jgayden7g,BbI0yRt99gvo,6/25/2022,126,82290
01GWZ2AN4Z3ETYYCGXB2ZTQ53T,hingerson7h,I1EqFn6hJfmG,12/18/2022,314,75684
01GWZ2AN51R3Y4G3XBDSQVP2A0,vhalfhead7i,2O4ZVjkEq,11/29/2021,136,27502
01GWZ2AN52N9NK7JM7SPDGGG86,vderuggero7j,ZcP2wXXNHK8,9/5/2022,288,11554
01GWZ2AN53CC3N7M7J7VJJEZQH,rfrancis7k,qsbFwsEz68m9,5/19/2022,248,54651
01GWZ2AN54S9S0E8RDK0GG870P,oaggas7l,CtIOtjH1gR,12/22/2021,205,93982
01GWZ2AN55VJ62KBG71MC8Q11X,coxberry7m,edUv7CRrI,1/30/2023,51,81635
01GWZ2AN57W2HDRHPDJM25SEZ6,nodoherty7n,3cnWdnEZRZ5,1/25/2023,2,77264
01GWZ2AN58BM6S6JHVJD3RD36B,smeany7o,U3yDeB7ZPQn,5/14/2022,68,25128
01GWZ2AN59R5F2MSTZRQ7QVNY3,ropdenorth7p,Qy0q1wf6s,6/17/2022,413,11104
01GWZ2AN5ASAH66GCDZZQ3RKN3,sjacobsson7q,FFHUyIlU,7/11/2021,431,15811
01GWZ2AN5B4KEMF6NGZ8M7TF6K,fcawker7r,2573ad1DLS,10/16/2021,456,40346
01GWZ2AN5D0RSA7XZDZ7TQF6YH,gmalyon7s,hgzdl6,1/11/2023,86,21309
01GWZ2AN5E26RB0T9X58Q41J3X,rchidley7t,sQp5n0W,1/1/2023,377,49570
01GWZ2AN5FR1157STP0EZ959FN,wdunsmore7u,yYx8vNa,8/16/2021,279,88401
01GWZ2AN5GGXHR7M349PJHQ7ZH,mhariot7v,anRyUzLht5cV,4/14/2021,69,7447
01GWZ2AN5J2YAFF37BNK83N3W5,cdacombe7w,6CxKu4K0wq,8/4/2022,396,50705
01GWZ2AN5KA3NG8GR5TGQFGM44,dabisetti7x,8fXLTa8,5/5/2021,154,86964
01GWZ2AN5M5WVWEGRXMAQS8KGQ,agladbach7y,thRR9Gt3SUnP,3/3/2022,327,40834
01GWZ2AN5NK70A1DSWFXTEXAEB,mosesnane7z,Rhbfez8CKwk,1/11/2023,429,94318
01GWZ2AN5P4Y9S1AFAYT1RRD5B,cfishwick80,0sigwmSFrRP,4/29/2022,227,93474
01GWZ2AN5RR608Q2NHKRZZSNRR,cgloyens81,v26FSt,5/3/2021,419,20842
01GWZ2AN5SEPRC3W7TH2K2T7AK,jwinser82,FwuKIdnPCJ,8/16/2021,299,69889
01GWZ2AN5T3S65JNFYDV34TS4E,mmacdonald83,6udPEoyD,10/31/2021,17,71540
01GWZ2AN5VKHYJQXMX40KF7HET,nsmitherham84,pTquE3w,3/5/2021,269,85974
01GWZ2AN5WRSQ5FR7CJ4200XXT,dmochan85,56D5PDCIz6,11/27/2022,16,81003
01GWZ2AN5XQAS2M93N3S6P11MN,kconeybeare86,w4tzXg3lTf,3/4/2023,440,92019
01GWZ2AN5YYXH1AZD16GV9EPEC,strebilcock87,36HaThqGFGK,11/21/2021,438,78024
01GWZ2AN5Z3ERSZ8VK6046ADZB,ltidcombe88,b7uvosKAOL3,2/3/2023,216,10940
01GWZ2AN60M44Y2556S1Q0E3K9,jpolleye89,uGc3MY042HLV,6/3/2022,282,27322
01GWZ2AN61SQGXXAPWPD05D2RT,cpetican8a,KsKOMmSyfj,1/6/2023,8,13162
01GWZ2AN6319NCATY9VCTXBC8V,elantoph8b,F6d5iytuhkA,3/19/2021,226,17828
01GWZ2AN647CPGQG9HPV88C791,vdiglin8c,AIOFx1X,2/3/2022,314,27687
01GWZ2AN65894X0XMVK6A79YRY,hvotier8d,pr6NmkrEB,10/28/2022,341,77160
01GWZ2AN66T03CVP87HTS3JR8Z,nthurlbeck8e,ee3JjzqrBWYq,2/27/2022,256,80044
01GWZ2AN673145H21MNX5K967C,elawdham8f,KcW8LmdZWH,2/14/2023,375,12697
01GWZ2AN68MGTTNQ50BQFAK0X6,scardon8g,DqhjC9FQTHqV,12/11/2022,239,81152
01GWZ2AN69DR9KZYF3QK2ZN9CH,gwhile8h,M7scscnQ3KA,4/4/2021,481,16343
01GWZ2AN6BMQFT7ANQ446KD6ZX,marrighi8i,NTg79L,12/18/2021,214,23426
01GWZ2AN6C4PNKATMFYRBWKD39,bfoxley8j,No19c2aJa,1/2/2023,95,27110
01GWZ2AN6D01TETWBRE8BP8BWP,gtinton8k,ruU1i4Lup5vB,8/31/2022,135,19191
01GWZ2AN6EEFS9E5M8HJ1GKX91,lkerman8l,wyr51jcLFJ,7/18/2022,411,72689
01GWZ2AN6GF6R37J0KB73ZQ642,jstovell8m,N0FBN4IEh,9/24/2021,333,91356
01GWZ2AN6JD5HXFWCKY2SH0HXN,dfordham8n,s0ahoM4kyXb,7/9/2022,304,53483
01GWZ2AN6MPPS7ES6S24VFS0EM,djuanico8o,Qj8g0QRTGN3,5/20/2021,370,45517
01GWZ2AN6NA429ZA9B44YY7XMF,gmacailine8p,BgldiN9xC,12/9/2021,29,70927
01GWZ2AN6P0FNG3R5RMMPYVR8E,rchown8q,y1isg4O72twn,3/6/2023,153,26742
01GWZ2AN6RPHF8YVB73TYGVAPQ,nord8r,LjA8e6Pl208,12/31/2021,390,8532
01GWZ2AN6S0BE0NR5S4CT1FNPE,osimeons8s,BxOtbh5qQBcg,10/13/2022,229,16151
01GWZ2AN6TM59SNCRXW03BRJPH,lpurvis8t,zKyH7zkB,4/14/2021,467,82863
01GWZ2AN6VMYR5QCD10TN8QY53,mgecks8u,XA1MqBy,11/11/2021,342,84069
01GWZ2AN6WHZE2REDPW4NH8E9M,fmollett8v,LT2y1W2,2/11/2022,304,93887
01GWZ2AN6XSFA2MYC0M4PY2XKQ,smacconnal8w,XNhM3IVZGx,5/3/2021,416,38126
01GWZ2AN6ZG97HM54ZTCZ669E1,uyesenev8x,E6MmrP,7/20/2022,153,53955
01GWZ2AN702XVH068T6XFKTTV5,wstorrock8y,RozmYE,3/11/2022,1,27474
01GWZ2AN71WSV56XK8GYMWPTGT,ayansons8z,65yGHSg9BG,2/4/2023,369,74317
01GWZ2AN72HSS99T1T966RA9BN,nrappoport90,kU1R8JOHlEF5,3/13/2023,196,64889
01GWZ2AN73CGW1C03BNKN4WFXT,dtwohig91,QZVPkV5XHY,4/11/2021,218,68749
01GWZ2AN74C520888P7KEN0SYQ,wjacquot92,LSZrqi4WsEXe,10/19/2022,91,63582
01GWZ2AN768VHAG92FCGQS0NFW,sgarritley93,zURNpZpM8Q4g,12/7/2021,470,27961
01GWZ2AN772E56RYJCN2YGRVTX,azannotti94,rGXMCgZBN1xn,11/13/2021,494,9979
01GWZ2AN78GQK1AP2W0S6CCKV8,iridger95,9n3ygGGyKVl,1/1/2023,351,92325
01GWZ2AN79CTNNQ9EZ7KDB7B0N,acussons96,55HT2NzGV,3/2/2023,22,20512
01GWZ2AN7A39YVQ1QGKG2E1MCV,bsabater97,M0cN0HVI2u4M,8/4/2021,273,87150
01GWZ2AN7C7G8GFQ0C63GE22AD,bmarlen98,rFktENf,3/23/2023,71,8139
01GWZ2AN7D67DW31X290K00MA8,nborham99,31NhxKsZmCkD,7/11/2022,439,34748
01GWZ2AN7EGK98WXV3SXJTEKMC,gsamsworth9a,2XnhzmUS,11/6/2021,289,61018
01GWZ2AN7FCKP37T4C0Z3CJ11B,zbrahms9b,sKdyRL,4/20/2021,48,54870
01GWZ2AN7G94S7GE3VK63WE3CW,scantwell9c,I3a497u9p7Tz,6/13/2022,28,91720
01GWZ2AN7H7FYWP3S4M8H8BMW4,mcookman9d,5ChulWC5Lmy,7/28/2022,293,75864
01GWZ2AN7JEDY7RKJFY3XMXBQ3,hovernell9e,SYWtlFNG7,9/9/2021,353,22287
01GWZ2AN7KHK81GKZS2Z31S9TX,vbull9f,0OcAwSPlb,10/21/2022,135,16736
01GWZ2AN7N0VC0KJ28SHNWSRNR,mtitlow9g,pW5mt7DZsz9j,5/12/2022,112,40029
01GWZ2AN7PH07TJEEF1JG1H4P6,bmcettigen9h,ajQbp9,4/1/2021,294,21642
01GWZ2AN7QSERNRPTEQPKEDGRE,blongley9i,h3uCNRm50,11/27/2022,207,95686
01GWZ2AN7RFDFH2TR9N934YFPX,ppurches9j,cFk3ZL,1/5/2023,85,5091
01GWZ2AN7S4JEQAZ7H9TY9CSY0,ybenoey9k,mIOCBqMtI,2/18/2021,396,99200
01GWZ2AN7T8FT4ARV0HGCK69HB,cpleaden9l,CgCpjgv,3/8/2022,276,67540
01GWZ2AN7VQM671GZG1Y9P1FPT,dashwood9m,O7fFLs,10/19/2022,277,77218
01GWZ2AN7XNVV1XD25RKG1X2K0,udelamere9n,z6nLDkBmnFpL,3/22/2021,474,39906
01GWZ2AN7YCB7Z8JG4G4Z6GJAV,sdarington9o,Ajx4K1Yv,4/25/2022,168,90077
01GWZ2AN7ZFN36XRCJFMDYW2T6,gsloane9p,NBqxTW,5/14/2022,34,3469
01GWZ2AN80XPHWMEGXBJG13057,tstanding9q,X2hHr0VXdeJ,1/27/2022,211,21151
01GWZ2AN825HPMH4NK3NYPWR25,sludye9r,y4banFkz,2/21/2023,195,25742
01GWZ2AN8457TAZVD47NNQF4ZR,tgirodier9s,xphh8Q1gkP,11/29/2022,398,10756
01GWZ2AN854ESQPHG3465W33KN,bfrentz9t,mx7py5NAQuYR,12/16/2021,178,19270
01GWZ2AN86AZ30GZC30GGMYESM,bsaunter9u,6nkeSgzE,4/25/2022,95,71732
01GWZ2AN88JG13QVQFHVJJAWMY,tgalley9v,WL8NGdJpS5tR,1/25/2023,26,59422
01GWZ2AN89GZMAD3CSMK46T3FP,wgirogetti9w,FYDiGpOe,11/8/2021,197,72943
01GWZ2AN8AC0VQ7CP2B60YHPM6,ulindermann9x,foITs2KRX,6/1/2021,205,32773
01GWZ2AN8CHW16VKZGHQV7J3G8,kbeecraft9y,8qQ9WLEz,3/26/2021,105,30327
01GWZ2AN8DA61B9KSRJKYVZG4J,jhartin9z,MBra8vG3iRw,12/24/2021,419,39812
01GWZ2AN8EEKRP4PBXB1PC7SP6,aboyingtona0,cK1zeyA7I,5/23/2022,150,67237
01GWZ2AN8GTYS064CTW30KNS6B,mcrutchfielda1,CvmJe9t6,4/16/2021,480,10838
01GWZ2AN8H5KAPCAJYQQS6SK7Y,rscarlana2,r0kA5XbcU8,10/2/2022,137,54586
01GWZ2AN8J2584X01VWFKHXXHA,lprewa3,bGr8W9KTUe4R,2/25/2022,146,74703
01GWZ2AN8M5JNMWEC7CFH386BR,sbelonea4,A1nNUQ12o9a,7/25/2022,48,95217
01GWZ2AN8N1PNRZEVNS9RQ8WY3,dhaldanea5,6ILqrm9O2jU,5/18/2021,13,66045
01GWZ2AN8QMX009C50EW0D2G4S,rdrainsa6,OCfbKK,12/16/2022,371,60220
01GWZ2AN8RZ3WK8GWQV3DFTGAA,mjurkowskia7,kYuxmTsiVI,3/12/2023,74,60709
01GWZ2AN8SHN9RDYNB0GKBCZ6J,lnathona8,sj2kWc,3/21/2023,372,37840
01GWZ2AN8TJBVK7XFKHE5DD90Z,njordansona9,kOIMYM,1/22/2023,354,34322
01GWZ2AN8X39NBKZ8ZBAZZACH2,athirlwallaa,mZ5TsBiwy737,5/7/2021,453,40207
01GWZ2AN8Y692JSYS8HHGVCYWB,ofrunksab,VNwgtfmtyxCV,2/10/2023,206,44757
01GWZ2AN92D6R27E6H1SN0RACQ,szoliniac,J1CZnzjA3QCB,2/22/2021,500,45272
01GWZ2AN96WG1YMKKD0R1EK82S,askipponad,j2ORCZ,10/12/2021,321,61507
01GWZ2AN99SPY9GMD8N3EG9J5E,ebumphreyae,pwCwxWJQt,3/30/2023,456,39077
01GWZ2AN9DMWX3072RAMQ0CGZZ,dolivelliaf,8xjjX5LCdT,3/27/2021,333,2826
01GWZ2AN9EAHGVBTFPA1749TNQ,jarberag,nCjwxioEskP8,12/2/2021,317,16062
01GWZ2AN9J53NDN55A50T3GSM7,fgiovannacciah,uAdZXwyd,4/1/2021,270,75840
01GWZ2AN9MK6MJ0NR7JZPG29CS,lcowerdai,ybnaDUu,3/18/2023,260,66032
01GWZ2AN9R8BKS8N92JNYWPA0J,msponaj,yKAov15oULQm,3/31/2022,82,23278
01GWZ2AN9TED64FR5SD6JQ4QAX,gbercherak,gkFMB3BPjqS,9/28/2022,153,82033
01GWZ2AN9Y4QV1630CQ2SFMTQZ,gizatsonal,SQy5yu9B,10/19/2021,444,81824
01GWZ2ANA0F3XMXC299691WBVS,wcamilloam,snGRZS0l,11/3/2021,414,77611
01GWZ2ANA6YMP2883MTWGGZ1T4,xbalkan,2P4LOXVQV,5/20/2021,90,76101
01GWZ2ANA7EQPBHQZ5CGB518GW,mskelbeckao,EG2KcpXsnJ,1/31/2022,310,25065
01GWZ2ANACNGBYJN1VDPD2B4GS,kallbrookap,4jU8Ngm7ogZ3,2/15/2023,372,44266
01GWZ2ANAD7JH4WSX9VWMQBW19,tbrinicombeaq,MgSW83FN2GGN,7/15/2021,252,4188
01GWZ2ANAH3KWZFESFM7PHK5X1,asimkissar,o4sp0qv,5/25/2021,146,58285
01GWZ2ANAKXS13T2VPDSWT1J94,mashardas,ezuIQgFSC,2/11/2023,255,20322
01GWZ2ANAMAA1A4PECYG62K6F4,ssantat,1yqOxMAflTQf,1/17/2021,177,4264
01GWZ2ANAQ9CHKV9661DJR897K,jdehmelau,ZRw694g9aI9e,8/26/2021,2,88363
01GWZ2ANASMHDF5W91P2VCSSRE,bgalvanav,ICJWxar7J,6/14/2021,498,86209
01GWZ2ANAWN9BZ7VV8532VGNZC,ngowersaw,UjjoHdm,7/10/2022,58,52128
01GWZ2ANAX0P0JQ68PCAVYZX6B,stapsellax,8p2boPNYlRuN,3/14/2022,363,53538
01GWZ2ANAZY78EGEWQGX4C7KYE,cescrittay,WsUb8AtiuJ,2/28/2022,9,19898
01GWZ2ANB002B3GVQ53WQJCYMG,jbonhommeaz,zg5P5CwCH4,12/12/2022,378,87924
01GWZ2ANB2CHE5JXPW4TQ97XX6,asurgisonb0,kzQQ6OkPZTf,4/23/2022,409,96353
01GWZ2ANB4NF90AZW5EHKNBGG7,kmeldonb1,FdiUzjdhkQ0,8/7/2021,136,66084
01GWZ2ANB5WDMGR8XJR4XQ3FTE,tbassfordb2,UUXOQr,12/22/2022,475,81493
01GWZ2ANB70682WJF7DTSP00PX,tbrolechanb3,qFS3h7zQ,8/19/2022,301,42981
01GWZ2ANB9NTRYHK08RCZNEH1N,lbrandleb4,oHZfBYRBdmqp,3/12/2023,439,25784
01GWZ2ANBAP0FSWR4JFX9BSWSZ,dtrowsdaleb5,gRZfUU,4/13/2022,14,88229
01GWZ2ANBCV1CX028XWK3MWFD3,oromanb6,wJDX88ATpdVH,4/22/2022,317,27766
01GWZ2ANBE0D3PHCMJ3G696HQG,misworthb7,nqCFuSG0M,8/26/2021,57,22627
01GWZ2ANBFTBBMWHK641X89ZB1,dsmogurb8,HtidD0uiUwP,3/27/2023,186,83614
01GWZ2ANBHG46D025R2Z2RQZCP,afriedmanb9,f7hbIJUP,6/14/2022,240,69204
01GWZ2ANBJX284BDPG41773X6T,dfrentzba,iN2Bc1dXSoFW,12/17/2022,356,86320
01GWZ2ANBM6R26PYGT29DP2MXC,salthropbb,dAzYmxCl9,8/24/2021,181,8810
01GWZ2ANBNA68B9XAY9XNJ8XZ8,rporcasbc,3dvPPi4K4,8/27/2022,180,2088
01GWZ2ANBQTBHCERAMKGZYZN4B,aniblettbd,5M0AXKW,9/16/2021,263,20396
01GWZ2ANBRS5JX7X29APQGPCPA,cfawdreybe,G8Xl63,6/26/2021,66,97269
01GWZ2ANBTZXHDKF90Y0RKWY4T,jfarmanbf,VyxHBkfNJij,6/13/2022,114,94284
01GWZ2ANBW79TS0AM1BR785WQ8,disabellbg,76TgPY,5/14/2022,35,32248
01GWZ2ANBXNSE12QK79WHYH6TS,rfollitbh,GCGY3Dk,6/19/2021,304,4545
01GWZ2ANBZ8MZ8VFEN7WMS6AKC,eferrickbi,OplDutYz0v,12/28/2022,284,92557
01GWZ2ANC252DE89C2Q9VQB2YF,amcleanbj,ezQlkwwuli5,7/7/2022,90,13904
01GWZ2ANC4FH6Y84J67AW73XQC,tlilleebk,Z71odSs25Gx,8/19/2022,67,84708
01GWZ2ANC74ZJTZECJMF8TR9QA,gstpierrebl,2tAYDydG,1/11/2023,143,54922
01GWZ2ANC93B5BR25P7D5MZ2QA,griattbm,5YfQmJ,2/7/2022,201,89927
01GWZ2ANCASHYES8D08TH1TE71,jdearnleybn,oAY66xmLqH,6/30/2021,33,76600
01GWZ2ANCCCB5M37NTKBGHZXZS,crozyckibo,qosMwSuZ,8/4/2022,179,48065
01GWZ2ANCDBR8K088GCSPEPTMX,fchopybp,Rsa1AGs1CaW,7/31/2022,188,33688
01GWZ2ANCF9J7RWKQE2EQ435N6,ccawtherabq,OeCjm2rKDx,2/27/2021,336,30691
01GWZ2ANCH7H5HS347102Z24VF,nsharplessbr,zLm4x1,6/1/2022,486,67016
01GWZ2ANCKZJTPS661BEHJ0BRC,vjecockbs,2Uq9EF1W6oRP,6/21/2021,309,81779
01GWZ2ANCMZFQD101N38K0B3XH,ecomptonbt,PUKrfslJ2l1,5/11/2022,486,4553
01GWZ2ANCRQ00BGEAKZ4664418,dcotilardbu,sw2lji,6/11/2021,227,10407
01GWZ2ANCSN171X5GEYF49V359,rrodingerbv,QYJekSJR,12/28/2022,118,99728
01GWZ2ANCV6NFFKP13TS896NDF,tbulterbw,T0GX0Jisq,1/14/2021,441,12098
01GWZ2ANCWDA3RFSG24NHQZZNM,jwillmerbx,qqHiJ7R5,3/6/2022,209,4036
01GWZ2ANCYKTE7SVVJ9G0QP81V,hlosanoby,NrOaz3,10/16/2021,350,84277
01GWZ2ANCZV5AT9TZMZYW905TS,ckevlinbz,oGGnpUHk,12/17/2022,99,75734
01GWZ2AND18FB85GDNSM43PX7G,dfairbracec0,JelpxbpH37,7/25/2022,150,6899
01GWZ2AND3XDWCK5CS87AS2EZC,psibbec1,iEqXrZwdS,11/12/2021,37,46838
01GWZ2AND6MRCXEN1D44F9QY4S,cklimentc2,L8QptZh,1/10/2023,10,57046
01GWZ2AND98PG080E7EV9VVH1A,lsweetingc3,oCsQ5P6od5,3/24/2021,479,20105
01GWZ2ANDBD1W8H6YX9NAH58RY,bflindersc4,W3xHBB,5/4/2022,50,79974
01GWZ2ANDEGBJN2ZDZ3NXZ4AH6,cdockertyc5,hXNj7P,6/4/2022,47,65548
01GWZ2ANDGPJAW22KNMWK7V3VD,dboothjarvisc6,56Wm7XvM,12/24/2022,85,12410
01GWZ2ANDJHTJ95GNWH77B99GH,ereynec7,mu6ezJO,6/24/2021,3,20180
01GWZ2ANDKSV27M92B4HBG4608,clyffec8,tXNKp2p,10/15/2022,105,66130
01GWZ2ANDNR82JCW2V8VGVABVP,earisc9,SDEOyv9Ir,2/17/2021,37,39707
01GWZ2ANDP3R4ZQGA060A0MJ9M,aphilottca,s3E7KVUGrM3,10/12/2022,153,61241
01GWZ2ANDQTDHWM5BYV5TQEDWP,pcucheycb,s5chElX,10/14/2021,167,19083
01GWZ2ANDSQ0R9CK8K88DZBZXB,tsilversmidcc,3JotUCWFCi,2/1/2021,251,58784
01GWZ2ANDV022SYDEVMSJZBME0,nagneaucd,yCmVtDW1i,1/7/2023,10,6041
01GWZ2ANDWXGEGDY9WE9G4R016,abettenayce,4agOlc5,3/3/2022,452,18085
01GWZ2ANDYDMZ8RKM42HCM0306,rnealeycf,dahnNjKWS,1/8/2023,101,90204
01GWZ2ANDZ0TE25SD0YBJ2X6CZ,bgeocklecg,4GUMlZW,3/25/2023,74,95669
01GWZ2ANE1ADPTYA0NE1XQY5GN,dgrayhamch,81d6fFr,1/2/2021,467,83943
01GWZ2ANE29NW2JG5Y5CH878JB,sneedci,qbMgBW,12/11/2022,109,12979
01GWZ2ANE3FPPPVW2ACH3Y7AY9,ebrightcj,F3rSyofrVKE1,9/10/2021,128,35915
01GWZ2ANE5EZ0HZY1VQJB1AN5Q,dgravellsck,IUZlGE6Ov,9/14/2021,464,64443
01GWZ2ANE74EZ0GZQ944QFV65V,sstothardcl,gTMQnR,7/22/2022,193,97809
01GWZ2ANE9A3CHY1ZX49YR6BVT,lcarbonellcm,2VFc0Q9s,4/7/2021,150,99422
01GWZ2ANEAWFEHR8Y3ZMDE1YRP,lseiffertcn,vpl6bJpeDL19,9/7/2022,15,9430
01GWZ2ANEBBX7DKBSJKD8J89VZ,rblamiresco,JoNJMcg,3/12/2023,355,61500
01GWZ2ANEC3PXXGYR0WA9CG67F,merteltcp,rt8V8Pb,1/22/2022,254,73286
01GWZ2ANEEQR2SG0CPYB8NSKW9,blammerdingcq,0oTrAD0L,3/3/2023,84,66822
01GWZ2ANEFGC1EY7MM080H5DZJ,sdittycr,2dNhP40Quvg,6/29/2022,10,30281
01GWZ2ANEMCWD4V0G2G0ZXNS2X,cwenbancs,2AxikOwlqT3G,5/23/2022,457,10444
01GWZ2ANENAY36GBYNQ5NHZMQC,ccasarilict,KDoKFIwBm8,6/23/2021,390,37740
01GWZ2ANERJHH0BEKBVXPRP0VN,subsdalecu,pyLpHBOynq,2/27/2023,355,97683
01GWZ2ANES6NGJJNQKZRDZSF8K,efantcv,DbiITx2kzA1d,1/16/2023,348,47781
01GWZ2ANEXKZSS71ZHT5Y2GAKE,mglowackicw,E3vwEJ,1/13/2022,225,61425
01GWZ2ANF3PXAKGKJ6GXYZCPR6,abertelmotcx,0YehVdlmb,12/19/2022,374,23783
01GWZ2ANF4QT0AENGR19WRHGKT,krowburycy,nDsQJfL1M77o,8/16/2022,346,39974
01GWZ2ANFA1V6A26C1JVKH7ZYF,edennettcz,R8BrbC,11/28/2021,346,2308
01GWZ2ANFD13TTPPV97NT4FSZ7,ejuanesd0,OtIjRY7wA,3/8/2022,58,5999
01GWZ2ANFKFH0KXYX7ZFH1ZBKK,dunderdownd1,Ra0uWgcL,2/6/2022,360,20945
01GWZ2ANFPA6067Y887SHYRXE9,jdruittd2,FBExa6rdtn87,11/22/2021,103,25471
01GWZ2ANFVT5W4KKRN380PXYRF,phovendend3,lReRoNAtF1,2/6/2023,0,2290
01GWZ2ANFXWTKMQ1JCMM038BAE,mmargried4,YDFyi0,12/28/2021,494,49576
01GWZ2ANG6EDG8HPZRQM7GZB6K,slloydwilliamsd5,WH27ObpL2k,6/23/2022,417,26038
01GWZ2ANG8YB1PTC9HNM9E1BES,pseymarkd6,c119OY8kDxaR,1/1/2021,76,1002
01GWZ2ANGCYD4XHF80KC19GZ9T,ggadaultd7,4wv7o6Ywgf2,2/20/2022,199,93904
01GWZ2ANGEWBHC1GEBH78MCZ8G,trofed8,TnWR1xxuC,6/3/2021,131,35789
01GWZ2ANGHTG95MZ8VGS8BP752,ahallagand9,jVBEIeMKjGzj,5/20/2022,28,33846
01GWZ2ANGQKDN9SQ2424A41ZNJ,apantlingda,fOmDwadX,7/3/2022,258,45438
01GWZ2ANGWX8NDZ0ATC5NAZFGC,rboerderdb,M66I6Y2,1/1/2023,454,95861
01GWZ2ANH0X74HGCQDHPSN50MV,dlawrencedc,BDIRoS,3/6/2022,214,29336
01GWZ2ANH3A9X2NFW1CANCS5VX,emirfindd,b6n08vl,1/31/2023,411,72938
01GWZ2ANH5VF56CF5P9GYN4HJY,rriponde,6nd3JV,6/2/2022,102,45439
01GWZ2ANH71JB2VN3MQ133PM3Z,elumpkindf,x8wbtX,2/14/2022,39,7105
01GWZ2ANH990DQ5Y3PDK0RRDWZ,clarmourdg,Zz6DMUw,4/20/2021,107,26023
01GWZ2ANHAFDHQGMPDYSVPQ7SE,kthirlwalldh,VdgFiywug1A,6/4/2022,147,3753
01GWZ2ANHET56SX8V7X9B96ZYP,gdumbralldi,0RHmCJcSBx,1/9/2023,134,8643
01GWZ2ANHGA9C9W5NSVNBVKDTH,nyedalldj,15BN5ouD5AP,12/23/2021,107,40275
01GWZ2ANHJEQDPGQDSYBTHVB7E,fsimpsondk,KS88TRIy,1/24/2023,470,31406
01GWZ2ANHMPEMYKKQB04AJXJHJ,rotuohydl,p5yLaxTFWy,11/15/2021,282,22992
01GWZ2ANHPXEM2HDXASTG4WGNB,bdemicolidm,ee4RLKild,11/10/2021,217,10823
01GWZ2ANHRY5F31PNHD5RPG88W,ldemalchardn,DXKtp6niOP,7/21/2022,334,34352
01GWZ2ANHWJ5J3DHFWAR97CTSV,fgarhamdo,i8AqJJT7e,11/6/2021,58,72078
01GWZ2ANHZZ84WF8DZSGWRH8P4,wsmithermandp,1eFHCOVR,4/16/2022,265,74548
01GWZ2ANJ23WE2DX0YSF04H3S6,falfonzodq,RlRXBuKq,3/24/2021,274,20425
01GWZ2ANJ5VE23TPDGDRK3K7B7,lsparkdr,HrbPH9NPAkoF,4/8/2021,336,75166
01GWZ2ANJ7HPYKWJ7G2GW4GSC6,gchildeds,uykoBElZkq5,9/11/2021,112,32169
01GWZ2ANJ97BNVQ5J9BC558JTS,ldivelldt,PSo5XX04Fstt,1/22/2021,428,77178
01GWZ2ANJBENZQWK4VJJT675JG,knisbetdu,qv79zk,2/18/2022,309,16224
01GWZ2ANJFRS6WBM6PSENV5F4D,aweatherburndv,XwHyUBhwnicF,9/7/2021,59,34819
01GWZ2ANJH1JHNSWTNXV7S3TW4,dbleierdw,FXpRYV,3/18/2022,217,51583
01GWZ2ANJMT7DZMHJCXD4K6G45,mbuckleighdx,gV64xy,10/5/2022,367,34514
01GWZ2ANJP315DEDGN85Q8AFQB,ccolquytedy,ySqdCTsY12,2/12/2021,478,70685
01GWZ2ANJSQ914HB54YPPZG0N2,myettsdz,u7lrwKE16E,8/4/2022,284,4400
01GWZ2ANJVMBHH3WT62YV4Y07X,eosculleye0,S3kRNdwo9,5/29/2022,418,2745
01GWZ2ANJX355X3RNRDK8V1XNC,gshirde1,8W7lqFkv5TAY,6/30/2021,401,90912
01GWZ2ANJZ4VWKWWGKKBY5T1HD,gdiese2,tAt2CRL7F,7/6/2021,392,90381
01GWZ2ANK1KMEKJPVMECGGCGE9,eschachtere3,OVLnn6,2/4/2023,384,62740
01GWZ2ANK2ZFHVPG74ZA11F46Y,mshergille4,RjlP4Ji8Yg1x,7/30/2022,465,49002
01GWZ2ANK4ZAA09TM9DRAWSNBJ,cstealfoxe5,0vguhYhbP8,8/20/2021,429,83168
01GWZ2ANK580S3T7ZNWMCGMWWN,nsansburye6,2MUXbzTS5eUP,1/17/2023,364,82722
01GWZ2ANK7M2FA4FF369HKVRWB,vmacgahye7,99Ltz2ATM4,5/12/2022,194,3629
01GWZ2ANK8XS1WBBF6KQ7YAQEZ,ebordese8,FEAXPDVJyxW8,9/7/2021,285,8783
01GWZ2ANKA7SY6G8BF2N5RTDX2,tlindelofe9,yLNRPrGQITBi,10/17/2022,146,30428
01GWZ2ANKCAW0AT209AM3VGYJ0,jocarranea,vQloN8f,5/17/2021,227,12834
01GWZ2ANKE35HCA3NKSQ91D12N,hzammetteb,zeP6BsIZO9,2/10/2021,283,90779
01GWZ2ANKGQWW44MEGJSZN2D0J,gpeartonec,gNmf5LfcxK,2/8/2022,10,24110
01GWZ2ANKHWT835NVQTXJRGRAZ,egrimbaldestoned,OGbXW7h,3/15/2022,312,11187
01GWZ2ANKK2MFGQYVCGYZC90QY,hwatkissee,WQBcNMN,6/3/2022,201,89849
01GWZ2ANKMCJF2E518N9AQ2JW6,bthurlbeckef,UIJpErNLWZ,1/28/2022,203,75978
01GWZ2ANKQX2YQVDCWCSJFCCW2,bpalleskeeg,KPNjTsI2D8P,4/18/2021,8,20309
01GWZ2ANKR99GNC9C8H333W413,cmccomiskieeh,yHrin3XPu9,7/20/2022,432,99514
01GWZ2ANKSANVY96K6PFR410NJ,jmatthensenei,ieLG4D,8/31/2021,411,47119
01GWZ2ANKVT4K2Y9VE6F64G55M,mbalfeej,VjYW9Ws9F,9/27/2022,45,9033
01GWZ2ANKW7CFY85BC3R3Q6F0X,kfrainek,kKSdVAk99,12/3/2022,228,57396
01GWZ2ANKYT43QJWANRD5MV2AZ,adungateel,nqrDIW8b,2/15/2022,403,28079
01GWZ2ANKZ1CQ48VDW8T31M1JZ,thawem,BaS6Rb,10/14/2021,440,2436
01GWZ2ANM19PW14BV8KNTMEYVC,dscatcheren,tqZNwOSRuIZz,1/1/2023,91,67735
01GWZ2ANM3EPQS3S1XA6DE2D99,sfishlyeo,Ijh8ePKb,5/12/2021,463,29390
01GWZ2ANM5B2SMPRNRT1J72SWH,ckurthep,1lqsxBt,5/24/2021,331,96480
01GWZ2ANM6JKZZXA5MJPK95EPD,tsoigneeq,VzJuF9QzAA,6/3/2021,137,82094
01GWZ2ANM7ZSD9ZBCFX9VE5PXM,fcorbridgeer,qepNAK0vXv,9/28/2022,357,13468
01GWZ2ANM8HB1D275VXXGH5WZM,ssuddelles,gRWO3P76CRG,4/11/2021,140,68264
01GWZ2ANM9W83J3KM90MZJ56TE,jcamseyet,dI2Uyrx79JJ,11/18/2022,317,31807
01GWZ2ANMB4TMXZZVGG35A9KNG,pgonzaleseu,zS3tqGWW3D7p,8/19/2022,31,8532
01GWZ2ANMC3XKVZA11A8BA4DHN,dmcgeouchev,gg4KNT5E0EMk,4/12/2021,175,5556
01GWZ2ANMERZMYX39227NS1GT8,cramseyew,7c3S4BcJV,10/21/2022,340,8027
01GWZ2ANMGV6X6SCW9GET14CNH,cesmondex,ARvAoBioTsU,3/3/2022,25,53427
01GWZ2ANMJ6SEP8ZTD79K9CJJ7,ksivernsey,ZAl8AzSknRw,7/20/2021,391,24493
01GWZ2ANMKZRHFNWEVY57SQT4W,dlingerez,sKyzi1vGss,6/6/2021,19,21373
01GWZ2ANMM9AKC4T533GE832X7,dbulliventf0,JVz6SswV,8/9/2021,406,29808
01GWZ2ANMPWZCV2QHEGG32W2H8,bberntssenf1,FHPpQJGv,2/7/2022,88,7764
01GWZ2ANMS3GYG5JTN5B9EZN5T,ipockettf2,YxQYLEofmp,12/29/2022,232,46460
01GWZ2ANMT1N5A0VGYVSVRVBHJ,hpiesingf3,N7UkuemRKsg,5/14/2021,254,11538
01GWZ2ANMWJNXJNEWXB5KH6YDH,teilhermannf4,REHrpeo7,10/30/2021,493,2089
01GWZ2ANMX41Q0TZN5AAAXWVWS,bsirlf5,LPQ29roLt4I,3/28/2021,9,49158
01GWZ2ANMZSG3WWVR37ZSCZ00S,rcowingf6,7D6XvDQLUD3f,12/13/2021,173,62498
01GWZ2ANN1C3SYBFXX520KTRDE,jmckeneyf7,LcS6EdgHvV,8/21/2021,488,9998
01GWZ2ANN4DCPAPKCP5XD4WN81,gpantridgef8,Jj8i4ZsjybJB,10/9/2022,81,27134
01GWZ2ANN5H5TKESYC39KNY4J1,cmaccombef9,nA8Ang5Q,12/25/2021,43,34818
01GWZ2ANN6CKDVCVB4H01M88N1,cpasekfa,HmXRkRTRWHS,1/29/2023,198,29766
01GWZ2ANN8FDZ74TTZ9BJ44FER,mhubfb,ZKwsfC8TZ54O,5/12/2022,203,73032
01GWZ2ANN905WPRAJ5SS6D15KG,rrodolffc,ZnHMgNJgut,1/9/2023,414,27099
01GWZ2ANNANS91HZJBNFDYQKTZ,jphilippetfd,41AfXsS,2/26/2022,162,57722
01GWZ2ANNCMBNTGKKFEXSSQ7FN,crameyfe,dNoYDsJ,3/15/2022,65,11154
01GWZ2ANNDR7JMP204X9XBW3PG,sdalmeidaff,em2LByl8,10/31/2021,93,14704
01GWZ2ANNEHRE6ENMY4463WHX2,rkoenraadfg,zPJJhZD,9/24/2022,194,76799
01GWZ2ANNFPCC5RDS6AAR7SZGD,jhuntingfordfh,CfCJ7D,5/15/2022,249,56805
01GWZ2ANNH435TJVBKQH59WP8R,iarnaudotfi,2z0h9c9Mg1Qd,4/18/2021,67,35356
01GWZ2ANNK7B77RRE650RK6YQA,gspyvyefj,ogEYJj,1/18/2023,110,81004
01GWZ2ANNMEXGTYSFTW5VSJFDE,rgauvinfk,gaXHhjd9J,1/9/2023,415,49719
01GWZ2ANNNR8T8NSHQ9ST2NWKS,rfoalefl,4yFGrEX,6/20/2021,443,54348
01GWZ2ANNPVY1M5SZBXT7RFRPH,wmcconnelfm,NdhRsB8,2/24/2022,468,11215
01GWZ2ANNQYF9WKGHMAX6CAQTW,nfackneyfn,xDr5AZ1GR2F,5/9/2021,231,38419
01GWZ2ANNR7R19JT5F29NB4YTB,swathallfo,18twtG,8/29/2022,121,67259
01GWZ2ANNTE9WF28AY45SABV2R,sishchenkofp,hDdvD31Z,11/24/2022,191,62711
01GWZ2ANNWQA96MQ9PXW2HD3EW,nshilstonfq,JeBo1Pn1Y,1/24/2023,269,36786
01GWZ2ANNX3E1FE0KH8JT3P6BG,smaaszfr,zxrxZefqJF,3/31/2022,28,60581
01GWZ2ANNY24Q2YZ7MKHMYKCRQ,jmcsweeneyfs,eAVgVdgm,12/1/2022,424,31794
01GWZ2ANSPVQ05DFPQ3V46FBVR,cweeklyft,FPDBme2cqHS,12/25/2021,117,24066
01GWZ2ANTX3D00B69WNV7A1YBZ,agrunwaldfu,1IzvSGaP,6/12/2021,109,26844
01GWZ2ANV2635K777ZKM5D1EHJ,nbecksonfv,ektYZQvbou,6/13/2021,378,74403
01GWZ2ANV5A0B60C6ZK0M46KYT,dgeanefw,0iSSGX,4/22/2022,27,78830
01GWZ2ANV8RH6TGZE09QYENRDQ,bsaleryfx,TNQ27Ww,2/26/2023,18,67050
01GWZ2ANVA7NRMJG2JE42GVHB6,dbaconfy,hIGlbOtK3yAa,3/24/2023,293,47585
01GWZ2ANVD4JS59346JT63TJEF,cjedrasfz,s0z3az,2/2/2021,44,20634
01GWZ2ANVGJ3H8BK9VY67PEVC4,scaldeirog0,WAlYXfI69Pp,10/13/2022,413,68502
01GWZ2ANVJ7DCG56PYPCGQPZVX,bhuttg1,gvwGMvifk,4/29/2022,336,8459
01GWZ2ANVNX1EQZN3JXNGWZDZE,mloughmang2,5KFoJ1scIVzq,1/29/2021,203,96402
01GWZ2ANVQ0TRW54GZ3WC4QFD2,ewadeling3,99r1JE,2/26/2022,20,62216
01GWZ2ANVTHZ3ZGZVVVGD9KNJZ,nkarpmang4,8VppSC,1/24/2022,329,5618
01GWZ2ANVXT61D5RYYTDJWTNRP,rpassinghamg5,uUBJtW,10/3/2022,30,48713
01GWZ2ANW0X23HVXSDKGWCH72F,sjakabg6,Gm0SAJ60,2/15/2022,382,56811
01GWZ2ANW3P7BRAK3R7Y6QG928,kduncansong7,OHK3HIr,10/4/2022,105,47133
01GWZ2ANW7RABY2QZFZBKMH9V4,jautryg8,kH1ZNYUrO,5/12/2022,265,78474
01GWZ2ANWAYMZSAGQH5PVXRNSM,lmacallisterg9,8hPtcCiDMOFx,3/29/2021,41,35639
01GWZ2ANWER3CMJ2EXK8KAPB2Q,gbremnerga,UXhAR2LyNi,8/11/2021,304,14505
01GWZ2ANWH3VS7PXPK68EDB4VJ,mdurdengb,7hR2ne,8/12/2022,289,62524
01GWZ2ANWK6NYZ02KF1NHP0Q22,tsilwoodgc,huD93eNkC6,4/18/2021,403,59887
01GWZ2ANWP7F85WM1F2Q4H9RTK,ehobbinggd,MoPcXH,9/9/2021,381,61579
01GWZ2ANWR177MZ4RD8H6GJ6VY,ooakshottge,a7EKKUVziM,9/8/2022,437,87919
01GWZ2ANWTP3ES3S1ZAWJ6RGY7,wlecountgf,M6y8juYuP8V6,12/10/2022,92,88478
01GWZ2ANWV29TQQN8PR20V5SSC,fmacnairgg,zS0CrDD,2/17/2021,39,92853
01GWZ2ANWX9FEQZR54VPNJCD24,gcowderoygh,fdeEZ6Laz,10/4/2021,209,15120
01GWZ2ANWYFDM8YJWZQ1T9NPEP,kdemkowiczgi,WtFtEgKi1RIC,2/9/2023,319,91999
01GWZ2ANX15P50TSWR1AYYSA13,cphilpotgj,EB9mWl,2/26/2022,99,28003
01GWZ2ANX2AY9XS49GF5E5AMVV,malgargk,AhB9VW,8/5/2022,92,54527
01GWZ2ANX4E56P5XZYRWX6P9Y4,ggirongl,ctiwSgk,4/16/2021,68,30352
01GWZ2ANX7FT0469VENCGGJV9N,baerygm,sxFJeXf,2/7/2021,381,92075
01GWZ2ANX8P0DD7VVQE8HM7E8E,obouttellgn,4JB35K3eM,7/4/2021,472,63550
01GWZ2ANXAFK5TBX5TJH3B5N8F,hwiggansgo,kB2cUn,3/2/2021,88,87454
01GWZ2ANXCPJNF8XBX2V9Q0XAK,rpagetgp,IfUoUsWPsS,11/6/2022,151,86256
01GWZ2ANXDPYT0JG69R24BHMGD,sredangq,9v3KmSqSGtO,9/9/2022,448,41796
01GWZ2ANXF0TFDJJNC39266CAC,iturnockgr,NVgNcL0qBN,3/24/2022,466,74568
01GWZ2ANXHHV8R284JC056BR89,dbeastallgs,LrKyJmAo,3/8/2021,457,74685
01GWZ2ANXKSZWVX1XW8PQ7J4KE,ateesegt,NwUJuKSc,2/24/2021,500,1804
01GWZ2ANXNYE9AX8WN7Q6X8RPF,gpostongu,kpoF5YNSWAQ2,10/16/2021,372,35434
01GWZ2ANXPJDMHZJA2MB7N0SQF,yelphinstonegv,BHyJZwMvK,1/20/2022,407,23721
01GWZ2ANXRKAT2Q59NMGGANHM1,dgillgw,tmEOqbm1eYc,4/4/2022,137,45807
01GWZ2ANXT4KYSKDN5XPN24TFS,dskitralgx,9Ioa4mNN,7/16/2021,456,73787
01GWZ2ANXX6J89PVZ7TWJDD5GR,wscotchmurgy,4s0JEG1k2S2N,2/4/2022,247,37962
01GWZ2ANXYWAJ8NWPP8CTEVQY2,vblowickgz,uoag4D,8/19/2021,468,96828
01GWZ2ANY19D5H5A8E89EN6RPG,tbenittih0,s0KitghMp48I,1/1/2022,462,34504
01GWZ2ANY4DX9ZT17SXPY8WE33,noronanh1,5cCEfNSGH,9/7/2021,127,54064
01GWZ2ANY734VJFNG5C637VZG2,sbarbischh2,LSftquU4YMfA,2/28/2022,363,10997
01GWZ2ANY8RNJFPGHNGB5Z1MXD,tbrankleyh3,fAYZLSe2l,2/1/2022,197,77255
01GWZ2ANYA4TTG4PW6VNHM92PM,mbushrodh4,e8I1sUXq,1/18/2021,420,74254
01GWZ2ANYD4X0N09AF9F7XMWEF,ncleaveh5,hzbi9FZmO,5/7/2021,458,95376
01GWZ2ANYG4Y6J56P83EWGQ131,aboschmannh6,VUg4EqM,6/5/2021,251,16333
01GWZ2ANYJPY8J08Q784KNTQ3R,kgellatelyh7,E3TdxvDGWzM,1/8/2022,296,96630
01GWZ2ANYMFB8NHF25WP76SSFW,sgrieveh8,S8L4kBcToel,6/30/2022,336,17153
01GWZ2ANYPD491KXG2S5V6AA7K,csucklingh9,NS7z1Pfs,5/23/2022,7,65040
01GWZ2ANYQN5KCHJF9745BTYNG,mbithellha,Ft2aMTm0IW,12/15/2022,352,32625
01GWZ2ANYSBBZA0XPG9T2RGSMZ,fblaslhb,VVOhKS6aEspV,4/22/2022,98,83245
01GWZ2ANYTSV9M13XYGC17YVEB,cdixhc,022tThV3q6G,10/29/2021,406,16532
01GWZ2ANYWZTEZ4HF9GNGQ7HF1,rroggierihd,QooCg7jJsP,12/28/2022,275,24483
01GWZ2ANYXN4JJB0DRQ6GNW3TH,ithomasenhe,M808zD8L5j,9/23/2021,28,6095
01GWZ2ANYZ6KQV326V6PS5KQX0,astappardhf,Qs7rAGh7NEgr,3/8/2022,342,35258
01GWZ2ANZ0XCABJB72JWHBJ7HA,lwilkissonhg,QZccxm,1/15/2022,491,84
01GWZ2ANZ23YVYV9S3VBF84XX9,clenthallhh,d1WQDO,11/16/2021,50,97929
01GWZ2ANZ45647JZZ59V6F4YF1,eschadehi,R5s1ORZXn4,4/9/2022,123,34887
01GWZ2ANZ5WC7XYVACMEXH3N88,kmunthj,3yTcKa3,8/9/2022,158,61233
01GWZ2ANZ66BSTXR0X4CXRWA5H,svanthk,OhVmErVMoBdB,1/23/2022,5,75022
01GWZ2ANZ9CFBDQA460K4PJ1PZ,xlaredhl,c2IGh73d,7/29/2021,95,99967
01GWZ2ANZA7MRP78N0B67FKMZG,gparysownahm,5hVNcKoomq,3/1/2022,160,87127
01GWZ2ANZDYVSXF47TD4WEQ0E0,tgoldsberryhn,zsETjq6Jj,3/23/2021,488,56180
01GWZ2ANZGCAW7XCDDP44HG92T,egierthho,uh20RdF,7/31/2022,112,68617
01GWZ2ANZHTMHGC6EYSNHFXN6C,tleylandhp,QF4WLe,12/27/2021,425,99813
01GWZ2ANZK2RJM3W0A4KKF7DSN,tbolehq,MLIfiLW,12/24/2021,499,57477
01GWZ2ANZN5TAVR0CT3TSPE7S1,fjacqueminethr,r7mzCPd,6/12/2021,262,71089
01GWZ2ANZPFA81QSDHC3EQ45CR,plenzhs,0FlOiHLofzU,11/27/2022,385,87210
01GWZ2ANZRNE6CVWNF1CRCFWAR,ltidbaldht,iaO3Ss,10/16/2022,353,21441
01GWZ2ANZSCNKH0R5M0STKNKKZ,fcogginhu,PuuXMJAT,2/10/2022,232,21582
01GWZ2ANZVDGVR1G10SS2S991D,eyakunkinhv,45W5e95uxuF,6/26/2022,125,63359
01GWZ2ANZWPV2M76CSZK20DE7E,sstortonhw,TiQiHQr,2/25/2023,384,74765
01GWZ2ANZY17QTMVZTGE64SJXB,edreweshx,CTVR1yg0,8/3/2021,89,24931
01GWZ2AP00KF841AE7S7TVH68P,kmegarryhy,xFM5UBf4AE2,7/30/2021,476,56423
01GWZ2AP02XHBJKC9NEXC6RRSQ,awittkehz,A07F5cIWgW,12/8/2021,166,58053
01GWZ2AP04T1AN0V2PEVFRJB2T,cclemenseni0,vg7lkmF0zE,6/16/2022,424,21508
01GWZ2AP05QN9C87M6FXS20GT3,egirardeyi1,4d3LiD4Wq,8/7/2021,410,13878
01GWZ2AP07QGBQ1TZDA0CE35P0,gmcgoniglei2,HdVo9CuAJEn,12/9/2022,158,7828
01GWZ2AP08M1F7CP5EZ5V6CS1A,nkisari3,Qg8FFJAS,9/6/2022,65,86743
01GWZ2AP09395624AED9W313BA,dscadi4,7Uai2CrBB,11/29/2021,162,77080
01GWZ2AP0BZSWF5SMDBEKG2175,kmactaguei5,uP3sTSH06uU,2/2/2023,443,41054
01GWZ2AP0D8HG0PHCHR1RSNEZY,mknaggsi6,QI1tl4S,8/29/2021,322,99267
01GWZ2AP0FH4F6PRQGSQXRZ75A,jendersbyi7,IrzIXpfC4,5/11/2021,236,61174
01GWZ2AP0HA7AK73MBQC90M0HD,xchatbandi8,A33V9Oj,5/11/2022,243,23408
01GWZ2AP0JBKF1J073XMQWM5HC,dgoningi9,Ofqyalt0n,2/15/2022,7,77859
01GWZ2AP0MBEW5YD59HF260WKV,dfritschmannia,155xksATlJ,6/2/2022,480,69830
01GWZ2AP0NM7J86CQVKVE0NZ87,bbaldacchiib,aJ7JEtgqvVY,3/30/2023,300,62258
01GWZ2AP0QAK5E0FVDKTS7KX6A,ameweic,oq2OdF2O4BF,8/26/2021,278,82098
01GWZ2AP0S02KN9R7D2NKVYS6A,wengaid,wxdiS00U,12/24/2021,122,72872
01GWZ2AP0T551TYCA9NB9JZ7F8,tmckagueie,TfPnSTMnMdfd,11/23/2022,110,99403
01GWZ2AP0W07AKDCCNYD6RXRQX,gallcockif,6bg4UH6SU3Ax,12/1/2021,34,44387
01GWZ2AP0XCPX93N13YDY79Y8M,wkondratig,VgSfIQR3dOA,7/9/2021,240,6935
01GWZ2AP0ZZHBZ6H4FMTKHB4B2,ahouldih,5itBMsK0N,12/29/2021,137,4467
01GWZ2AP10ESKYK27W906F0B0T,bnarramoreii,yVZTqiqnovRn,4/30/2021,439,99128
01GWZ2AP1299JHC9R9AT88KZX9,edurrandij,WoFSJrQ,4/19/2022,411,74194
01GWZ2AP136H3RKNBC24QMYH8E,bfinicjik,8eF4b6,4/28/2021,3,96786
01GWZ2AP15GRB0H837205JEBP2,amuglestoneil,GlYLFYXsj,11/23/2022,192,44826
01GWZ2AP16Y09SYD5TNVB9WD8E,janselmim,Scam0qL,1/2/2022,327,36236
01GWZ2AP18XB9J5M0MG14BJDM3,ehickeringillin,U00u3dVLqxh,1/29/2022,346,42872
01GWZ2AP1AS5JP9AB1Z41H3ZJ5,lzecchiio,q4MoFTY00L,4/15/2022,443,71042
01GWZ2AP1C3XGE7D10E7629Z32,fdomeganip,NF2xKYLtSH,11/10/2021,239,70007
01GWZ2AP1DS4SXFYA4DEY7QB5C,bcaisleyiq,skT5DI1fJ,7/24/2022,429,68890
01GWZ2AP1ERRB4M1Y8H4ZB5VJ1,fkayneir,iQKZ96,10/18/2022,232,85280
01GWZ2AP1GBVAA9S3T9VFB39NF,gvennardis,R49TVNgevpx,7/21/2022,254,22254
01GWZ2AP1HC1E79NE7BZQP2ZCK,ddowtryit,AmOezABpj,5/9/2021,343,15439
01GWZ2AP1KQ05YXMFK0P2JCVKE,bcuthbertsoniu,8Ihi7KcUC,10/29/2022,165,78647
01GWZ2AP1NRX2640NT9HPN67HB,dcrossmaniv,VNKu9PDNmu,10/7/2022,108,52831
01GWZ2AP1PF8954TE6KQMRXYN8,ttwinborneiw,0oRiIfV,11/16/2021,363,92469
01GWZ2AP1RFA99QQNP7SGCXDJ2,wmugridgeix,y6Vkn6R2o,1/2/2022,492,51675
01GWZ2AP1SYPXX83WRF6QRNW26,ndavidiy,laKvDpPxlhm,11/12/2021,321,35990
01GWZ2AP1V7WJGK7403XH5CVQ4,hpallaskeiz,UoBETuX,9/27/2022,336,92459
01GWZ2AP1W0KAM5NTS3WNC6RRT,brobackj0,DTA12kcw,11/1/2021,146,96235
01GWZ2AP1Y7ZJQR34RJ8B24D75,jcattachj1,klbdmCpOHI,7/5/2021,114,38966
01GWZ2AP1ZGXNP6EWD213Q2XXJ,skenwoodj2,iBgN2j6S4,2/27/2022,102,44171
01GWZ2AP21NC7R43QH9D0R3T8E,vkinnierj3,teJmo0DmdK,1/23/2023,157,47026
01GWZ2AP227DWM1WJ3KZHC3967,efencottj4,pMeIlw,1/8/2021,464,93842
01GWZ2AP245BFNW6HBMSRWVE93,chasleyj5,ZggsVrC18,2/11/2023,291,79976
01GWZ2AP25SR58ZMW0PGM4JVVZ,nboydellj6,iohNtQKVp0,11/10/2022,154,71989
01GWZ2AP27K25EWTKVBSNP6AGT,byearnej7,2dJCa8OVE,12/12/2022,406,64595
01GWZ2AP28CV3EHE7YCYGD0DTH,cghidolij8,4Mn4BgZRRZW,12/17/2021,63,4403
01GWZ2AP2AK2METX4KKZ926KWM,bniasj9,hCUzzA2s,3/9/2022,445,51276
01GWZ2AP2BBYCVD3YCK645N06Z,stichnerja,DOF0zmiv36On,8/20/2022,341,69783
01GWZ2AP2CKSRVQ7V42A9DD5QJ,wgonneljb,HSs1inAMhU,6/11/2022,326,28037
01GWZ2AP32GRJGSKG5TFJ8J7JS,lcauldfieldjc,bC62BJ3d26v,5/28/2021,100,34919
01GWZ2AP34R8C268HF44AJ9XDE,rtraynorjd,Or2onKFZuC,1/27/2023,424,55603
01GWZ2AP35K2Y25RWY44E2YFMB,lproudlockje,HD1Dyhy7zA,4/25/2022,74,32265
01GWZ2AP37MREPZ1KH0AW3J3PD,mfedoronkojf,BIO6Qc,8/29/2021,44,48569
01GWZ2AP39NMDPQKAVW56K1JQT,sscuphamjg,l9OgTj,2/22/2021,421,38636
01GWZ2AP3BBRPQ42YQ3ZHRD9DP,fstradlingjh,ANYxDUNyS,8/25/2022,78,4772
01GWZ2AP3CJEG5JHQF462KJE6H,lthuillierji,C3jM3ZWFibN,4/4/2022,220,87450
01GWZ2AP3E0WAYF1C6KD241NDR,qzielinskijj,rAXeUf8Ii1,1/15/2022,227,94377
01GWZ2AP3GXGMVS79JTNNHPYWY,rebhardtjk,wzKVM0Fi,11/27/2022,453,55163
01GWZ2AP3H5DMV1QV6W9RJK8EF,dpascowjl,c5YuFGGkch,1/17/2022,458,19773
01GWZ2AP3KE3MYAYQD5TDEA6CR,agallihaulkjm,mZeVYcA,4/16/2022,426,38736
01GWZ2AP3NBA13KQFB8P5189T7,fbartlomiejjn,NejPn3k8,5/12/2022,435,39635
01GWZ2AP3P64VHWV38902763JK,jmicheujo,3PZRRomQOba,11/30/2021,248,15835
01GWZ2AP3R0HNXAS84PT4JW9WF,ccrudgejp,NLcYkYQmbDU,5/30/2022,483,57787
01GWZ2AP3T988XY8APD0555962,chubbucksjq,6GsQRqg7I,5/16/2021,32,16069
01GWZ2AP3XQXFN1066AXTQQ7WB,peaglandjr,mTBJRETcHi7g,12/11/2022,163,52812
01GWZ2AP3ZDNCE6G1HAMK9AH11,dminnettejs,RhhXKyoqB,11/1/2022,90,42213
01GWZ2AP41C5TBQZKNB90EZMQA,cbarthramjt,fW41Ai8JvTJ5,1/7/2023,8,39241
01GWZ2AP4474FVFWR9QEHH3K6G,mdziwiszju,u9C0qh59,11/29/2021,237,86720
01GWZ2AP47FGRPNEBDT32PGA8A,rmaccriejv,eAm7inn3prW6,10/7/2021,81,97607
01GWZ2AP4DKJ8H7E9MCZR928G1,ggotherjw,ebjfERMFjp97,3/15/2022,99,25888
01GWZ2AP4HG0JY1HJCTDEZ5028,gbrientjx,hHdAMTanZP,8/1/2022,24,61851
01GWZ2AP4P5KJN865DZNQP11JH,kgobyjy,5ig99XmU1Xt,3/17/2022,354,63676
01GWZ2AP4STHSD0R15NP145NAF,egroundwaterjz,kJ8RJjaN,5/25/2021,473,19598
01GWZ2AP4XFTRCZN2CY9HXQBEV,akeggink0,RKoe0FqHh,5/16/2022,471,60647
01GWZ2AP4ZRS2J1XKSS2BV5R4T,rstearnsk1,FVRwhe,12/29/2022,236,74316
01GWZ2AP52BSSFZMP3F9Y811VF,jpalfreemank2,iaJbKU,10/17/2021,260,61350
01GWZ2AP542DFS9V1AYHRZDH8G,ndansiek3,CXdhoLIrr8,3/23/2022,288,71480
01GWZ2AP56M5Z5PTW2TPZJ5E1A,rferrask4,sOrRGaebFNT,2/15/2022,295,37742
01GWZ2AP59PB4ZT26RJ8YY8GN9,saymerk5,PiZ9gZc6BKSJ,4/16/2022,212,56563
01GWZ2AP5CWEJ3W1RQMQ6GKGGQ,egambiek6,fM9WwFnC7Z,3/3/2023,189,75877
01GWZ2AP5EE5V1CANVVEEF88ZH,pwoodruffek7,Gj425bYl,2/13/2023,21,63956
01GWZ2AP5H6H5E4PCRXK5WG42P,mhexterk8,XDQCb1o,1/7/2023,445,43880
01GWZ2AP5MBZHHS5ZHP3CHR25Z,gyieldingk9,8pi3asqqn,11/27/2022,334,90225
01GWZ2AP5RPRDEXZZ2DGCSEWR9,pharrollka,sm5prMs5ei,6/14/2021,44,49387
01GWZ2AP5VAV8H0A6W8H9D495V,erohfsenkb,R8t3sBZ1xU,2/5/2022,453,17490
01GWZ2AP5XK3AGGXFADHCRTPT3,cbrawsonkc,wf8blSF,2/26/2023,175,7773
01GWZ2AP60TWE0YZBWGF0TJ0VZ,broustkd,PK05nGjn,1/1/2022,398,19332
01GWZ2AP628DV8MBEB68WS1F36,hferreirake,Q5MyRx4wA,4/9/2021,158,40537
01GWZ2AP65T9AG9XCNRVCVB05T,nstofferkf,IDUTg8cM,1/7/2022,111,41658
01GWZ2AP68NR7471FBGS79V434,mcleverlykg,BlWvjbTnq,7/13/2021,45,62872
01GWZ2AP6AQTH6CR3N7SF1ATRH,omenguykh,cvfcfpm,8/7/2021,129,15699
01GWZ2AP6D266ZPHT94Q9M26EK,vfliegerki,f1ImgoEorV,4/9/2022,374,19880
01GWZ2AP6GZ8JAK7GMQXRZVPQY,wtotterdillkj,D5YUJe,3/27/2021,363,76249
01GWZ2AP6KXSVZDK6RC04JRN1C,tmacskeagankk,9xX8YOPeBD,5/1/2022,396,86386
01GWZ2AP6PT12QGSPSBMFZFATY,lwyldkl,Y05w4aeEm7,9/4/2021,477,1277
01GWZ2AP6RX5KV5EGKN5J35CKB,mbentkekm,RfwAeDlF,8/6/2021,39,38990
01GWZ2AP6TNWM7T4G8CHQ0PVWH,srottgerkn,OajpSQ,12/29/2022,81,23090
01GWZ2AP6W4JADA1ZMKP6CE28P,bivanikhinko,CN3NdZd8,3/31/2022,56,31909
01GWZ2AP6Y01K0X7FFKMHZXZVR,fhaliburnkp,jKEcIph6qJ0G,1/11/2022,363,76362
01GWZ2AP70ESY4PQD2BA8J4P40,cgoublierkq,FMGJdI,7/5/2022,258,13149
01GWZ2AP72CMXFGV4HTMDN7Q63,amatthiuskr,blVOq9SuHK3Z,10/12/2022,24,4238
01GWZ2AP743K6CMJ1V4GQSDFQD,nkroinks,C9bBGZo,11/12/2021,233,75928
01GWZ2AP76FEESTK620YCGKRPC,kmchughkt,FjEvijGzLh,11/5/2021,114,72809
01GWZ2AP788QBVKYWFXSB4BAB0,sferribyku,nf5Q4ygP,4/20/2022,225,35518
01GWZ2AP7A2EWA6PY3GXAGQWXB,feaggerkv,gAn8n5OSud,10/2/2022,293,11282
01GWZ2AP7CMWABBA8KWZ8JRKC7,wwrenchkw,xV6bsSRw38,1/7/2022,267,60754
01GWZ2AP7EP31K6DSGX622K4JY,hgreedingkx,3fqnIqDxCE2,2/10/2022,298,63849
01GWZ2AP7G38WR90B2WFMA86NR,bgazzardky,qGEGWY3YS,2/28/2021,17,72056
01GWZ2AP7JWQFYJ973F130RZW2,jcapelinkz,gLZ7uU38DB,11/14/2021,260,66668
01GWZ2AP7N0GVV2T4RP57R0NJ2,tfollissl0,R8qahI7,2/8/2022,247,52772
01GWZ2AP7RAHQRT6XZ686JVYN6,syanelel1,gaIRISnmm,4/13/2021,495,85096
01GWZ2AP7VR1RHRTTDFZ64XD88,boldreyl2,wUgqSpYXCwx9,7/8/2021,164,69883
01GWZ2AP7ZZ8F24G13PTAAX9QZ,bhauggl3,FljM6ekXc1uw,12/21/2022,22,93613
01GWZ2AP82QK69S89GQ4XG0BJ2,aproudlockl4,ILBw5Q,10/16/2022,32,38585
01GWZ2AP850KN11JDTR9TJGEDH,uausherl5,S3cNby,3/31/2022,129,16249
01GWZ2AP88QZX967JWDMDSMSGF,edunckleel6,pn0eJN4Ncs1,2/17/2021,331,81309
01GWZ2AP89MJKYV8MZ5RGTQYJH,mfitzmauricel7,7JDagg9Ls1b,4/11/2021,292,72240
01GWZ2AP8CAD5QAQEXHEVXR57C,umcvicarl8,49lS1k,8/10/2021,379,90628
01GWZ2AP8D5S91T7VFPG3B8MM9,jariasl9,5f7Jqv5ry3u,3/4/2021,118,43917
01GWZ2AP8GH39BESNR9FVMCT7A,spinnerela,LAC0KnTc,11/12/2021,213,13295
01GWZ2AP8JQZ9F2KGK6K94F5TH,tcasinolb,6Ag7sjtO4C,4/16/2021,117,83744
01GWZ2AP8K5VTBV1NAM5W07KA3,mallabartonlc,XSPftUkueDMJ,1/16/2021,201,97844
01GWZ2AP8NK1C06G3Y6R4YKDM0,fsheircliffeld,tVFvhYb,4/15/2021,407,79423
01GWZ2AP8Q8JMJRKMTXP48JNS7,lsnowle,MUqMjFaAyA,10/18/2022,361,96375
01GWZ2AP8TE8M47MR3GT2JGAQN,amcgorleylf,YEhUKO,10/15/2022,403,80
01GWZ2AP8X9N8YP2X5MJGFJCGB,menrricolg,PAeJL5,5/9/2021,106,69861
01GWZ2AP8Z6T31QQNG1M6B6R9J,mmustchinlh,4Kc9W2Xmye,1/27/2023,431,83833
01GWZ2AP9303CJC32DXKDD151A,fmerittli,xHkoPX,11/20/2022,303,65522
01GWZ2AP944Y1F3XTNRP6BCC5Q,mwatkinlj,nLMKGlF,10/25/2022,381,83679
01GWZ2AP96ZK6MBT4KK19DRNXP,jkynetonlk,7jl03Er,1/16/2023,489,88668
01GWZ2AP976H57DSTWZWSJ94H1,kflanniganll,5ytV9GK9Lf,11/8/2022,125,85398
01GWZ2AP99F9SC72QYJD1TRZT2,gheakerlm,g0Vvq4iUE,8/25/2021,134,23895
01GWZ2AP9BZ72H6K91SJN1WFYB,kslatorln,To26W49Zp,11/22/2021,332,24431
01GWZ2AP9DFYDTRX14VMGVEX3C,sdelaspeelo,F1tHBihkW,8/17/2022,495,72637
01GWZ2AP9ESHF62Q2M39NYMYAA,rbabberlp,IGvHJeJmYPd5,3/21/2021,248,2219
01GWZ2AP9HMZH3X3ERNG220252,rwallworthlq,zvCunOcvEuM,5/5/2021,99,51480
01GWZ2AP9JEGECTRB279F7C43S,cgathlr,ICP86WlcgS,1/19/2022,299,98377
01GWZ2AP9MAWRBWHG8EPWCADAZ,hchazettels,vcRAb1yvZFp1,12/12/2021,54,50632
01GWZ2AP9NPWYE41A6826Z8CA9,atrittamlt,AY3qokFf,12/13/2022,121,49950
01GWZ2AP9QY0PCGXVFBXRWRHS2,epenningslu,MOUfy4Tp31BO,2/12/2021,137,75797
01GWZ2AP9S4ZSZGF5R046Q8PZ9,sepinelv,WoVxPaQDoJ,2/10/2021,383,34011
01GWZ2AP9WET9HV6AW0HX7Z9QA,gszachlw,tu9C80CgjFUQ,11/12/2021,128,47104
01GWZ2AP9Y1K9798XRSD32KEQF,ntummasuttilx,wRGpzrDDyt,10/8/2022,278,71514
01GWZ2APA00EQ18FKX081GAAT6,ffollisly,cNFHGn9A3,4/23/2022,322,44404
01GWZ2APA246X0BYSPJJQEW754,rskymlz,fepYUB,10/9/2022,290,35292
01GWZ2APA3AVEQVJ5731GSEHR3,cmountfortm0,o2S1iWgub0,10/6/2021,141,6040
01GWZ2APA55RT07V9EAE0Q5NEW,rgillittm1,UnKrpno9,11/17/2022,185,37470
01GWZ2APA7DEBCV76QDYX3BBQT,ogiacoppolim2,isBrQob,1/26/2022,493,21465
01GWZ2APA8TAKM6WZ933EAW2Z9,ejaskowiczm3,gSgcgWhi9Y,7/3/2022,499,19063
01GWZ2APAATRAP67Q2NG36MEMD,hpawelkem4,3vkgyUJ,3/22/2021,399,78753
01GWZ2APACW9EGYSXB96CQC4T3,gwinneym5,kVKEtrn6y,1/1/2021,19,38090
01GWZ2APADNANY8V9F1X8NPXFM,msenettm6,wm4HtRxE2,7/19/2021,121,39420
01GWZ2APAF3M8VCHKV2HFS4RG2,pemnoneym7,mzG9Am,2/22/2021,423,99766
01GWZ2APAG39SDRMTP770Z0MY6,lschroederm8,wMeOYjZAS,6/1/2022,51,25007
01GWZ2APAJB3X3FRMCZH1DF5WR,gaxelm9,KoXXIDyM1t,7/24/2021,75,69480
01GWZ2APAMTCFTZVFFJJX5XACR,csuttlingma,WnKBAw5imV,1/20/2023,47,96975
01GWZ2APANPVP57X543BSMM94F,cfriermb,Cn77QXwBckj,2/25/2023,360,44027
01GWZ2APAQBAQZ0DB9EC144KQ6,acockertonmc,BI29AIDlbQgv,3/25/2021,272,75616
01GWZ2APASG3VTBJJHJG8DT14W,jmacgaheymd,zkofjiRXOd,4/23/2021,233,73671
01GWZ2APATCATEF66SM8B89TZE,scottamme,ZBsqhhsSYpZ,7/12/2022,125,57382
01GWZ2APAWXXPAP8MKNRGCY614,beptonmf,lV9Q3vg,7/17/2022,481,64455
01GWZ2APAXQ3QVPY52MNHG9E70,dpavolillomg,FtqzzsrUUN3q,10/29/2022,25,49679
01GWZ2APAZ5CJRY978JW93S9DJ,avannonimh,wRKSiQuX,11/1/2021,453,93626
01GWZ2APB0WQ60WZJXTWF1QW46,hkillgusmi,zLS9A4gtaS,12/28/2021,488,30336
01GWZ2APB2QPXFVVG3MAD5Z3SV,fschutzemj,5lUB1q6eQg,10/1/2021,364,90038
01GWZ2APB3V9RK6CW5NJYA0BCX,earnetmk,tavok4wxDt,4/25/2022,333,12162
01GWZ2APB5NJ3CVE5MMFF9TSYR,ewrankmoreml,3nCHdTL,2/27/2021,352,59541
01GWZ2APB6DHBXGTCYJ1P506MX,abarckmm,SpNcMTMy,9/21/2021,32,69233
01GWZ2APB82KNJ0X9PWKY4HD5S,sstoakleymn,ISPDIg8,11/16/2022,160,88101
01GWZ2APB9J4KWB7Y4FHW7HET6,rgollopmo,pWHfmuTbfx6,1/3/2022,235,28172
01GWZ2APBBFQ6S1E9XEX3R2YRV,rdemainemp,G13XRppvW,2/1/2022,289,45365
01GWZ2APBCTMRME1A4CSMZKJPW,obanaszkiewiczmq,xZARp3CB3,1/12/2023,460,18725
01GWZ2APBENEH1QNKV7AG6B0XB,lkeesmanmr,pcdXE4pMGg9v,8/7/2022,387,57713
01GWZ2APBGV3Q2FDRWKP7EZ40N,nbannerms,UYURiNbu,6/9/2022,352,83652
01GWZ2APBHTQWENJ7ZYH5ENCRD,isibbonsmt,v4lxblj3UJHZ,9/23/2022,109,55420
01GWZ2APBKGF1CZY2SSBVJ6DEK,gfriettmu,S0Ty4hoguw,4/2/2021,98,17141
01GWZ2APBN7M7RMGG6DYNDJSMP,rscaysbrookmv,J3RM8i,2/28/2022,357,66457
01GWZ2APBQA0XFF2T10CA7PENF,dslineymw,J82gYppGl,3/12/2023,374,68192
01GWZ2APBT45RX536XPWQV4T7H,gploughwrightmx,iNeFSZ,11/5/2022,456,72377
01GWZ2APBWP5TP4YATM2WBD3FV,gcauderliemy,vPJuRQ,6/11/2022,85,21128
01GWZ2APBYCPGC19J0YNKE14JJ,hcampesmz,JLKvPZSLqQ,10/29/2021,36,5631
01GWZ2APC15QPA6CGRMPQB9J2W,mlardinern0,E0gphCY6MgRe,3/19/2023,446,87004
01GWZ2APC3G7FN5RYF7Q31RMQD,vthurbornn1,1DBM9CZQz3,2/23/2023,43,78592
01GWZ2APC5BF2AVBQVZPH35QNM,istepton2,u1jpCEkqQRE,5/26/2022,121,45344
01GWZ2APC7JVKKZEC77RHSAS1P,wlindeboomn3,7sD3Uf7D7b,12/18/2022,145,51513
01GWZ2APC9SSWGQ92WCVEHE1GJ,dpigeramn4,S4bg0nnrEHxR,6/17/2022,227,64097
01GWZ2APCCHZJES9QPJVN06937,tstrowlgern5,vNRQE4D,7/31/2021,133,75002
01GWZ2APCFXNSAPY013BK1V8NG,nmackeaguen6,A0f0N9i,2/6/2021,43,50078
01GWZ2APCJ6NA7DXX2DKGMHQ51,slockeyn7,VP0rXl7p,12/29/2021,424,79573
01GWZ2APCPW4VE8AM0MRRQENAZ,wportrissn8,qZyhleZN,10/7/2021,68,42378
01GWZ2APCSD3Z5E8WY2XTBB20Z,adutsonn9,Q4YmkV,2/14/2022,160,63912
01GWZ2APCWZE2N38P1SKKN0MRJ,lsabatesna,jPFwadRT,5/5/2022,414,92183
01GWZ2APD0X04K8ZV5B9S6EFER,psootsnb,9Wym9J,5/20/2022,212,71332
01GWZ2APD292NJHA8V0BYRZF6M,tmacmoyernc,NXSLdpE2mXNZ,1/12/2021,80,44057
01GWZ2APD7JTK9K5Q3GSPCP3BV,jmcpharlainnd,8kGCQ1Idy7m,1/3/2023,220,23930
01GWZ2APD9BDSK2E9MCJWJVYQR,askepperne,9PMeFMhojH6F,7/10/2022,413,34404
01GWZ2APDCHJA8F39FSDAZVG61,cbrookingnf,1Pa1sz,2/24/2022,158,74974
01GWZ2APDE120599VW1FHT1P04,rmomeryng,UsGYZKl,8/4/2022,417,56281
01GWZ2APDHHZPXG0GT1SCF2GJB,dperkinsnh,k0WEq5,8/15/2021,270,71896
01GWZ2APDK37G6BK33D8JEPDGH,esivessni,Jnab8OV0nvx7,7/21/2022,56,1381
01GWZ2APDP8XJDHYM9G4QCTXZ5,balonsonj,VqGC7TcO,4/4/2021,82,31765
01GWZ2APDRETP7BB403WBQYC3W,clafondnk,pgZFVbIcr2,3/3/2022,178,53963
01GWZ2APDVPTXNS9YCMWRM70JT,mgaitungnl,dGveWF,2/28/2022,324,77609
01GWZ2APDXMD9WH23KRZMVGXAE,jgownm,XsJzfFY,9/30/2021,131,91802
01GWZ2APE0N6FJ85J31MQHVZZF,efachernn,UfmCUX8Wzwl,3/28/2022,189,32997
01GWZ2APE2Z95MYA6Q6QX2ENGG,rbendixenno,ppojOhIiyh,1/11/2023,316,48575
01GWZ2APE4GZ2D8CPYPQ8GX6CM,llambenp,Swy8jWxWX9,7/29/2022,382,52176
01GWZ2APE8RD5TSZJH5DTPJQAK,ejustisnq,2J6Bs2gX,7/19/2021,255,53975
01GWZ2APECDVWHZBABF8A93NYC,frushtonnr,CrkhK3bzlP8,9/20/2021,370,76152
01GWZ2APEG6NH7VT0DZ9YZVC2A,yfayermanns,5GleDdeoSk6,4/14/2022,486,2066
01GWZ2APEMHK1511C9Z0D06D6A,lporttnt,HvKVgZ4qVAc,7/2/2021,27,86433
01GWZ2APEQQPPHDW8S95DKEQMJ,fminettenu,fV4PZsVY,4/8/2022,72,57732
01GWZ2APEVR4ZFHETRKSP34X8P,sdittsonnv,qaHSkg5i,3/26/2023,149,43197
01GWZ2APEZAQA9QPJ3M63DZ905,bembranw,x0FAeWbH,8/18/2021,448,51192
01GWZ2APF3SBT3RFXRQA2AGNZ2,mantonikovnx,Qym368g,2/26/2021,56,95836
01GWZ2APF7JFRVTXJ39RX2WP53,hfitchetny,0uccIC6,3/4/2021,439,25539
01GWZ2APFABSFGDFTQHYC8XSFE,pbenznz,IIbCyOi4w7,8/21/2021,133,97746
01GWZ2APFCJMJPWEZMWHQ2T8NS,kmacginlayo0,KbjE0Wuno31,2/8/2023,414,64006
01GWZ2APFE692BN68T0W18FSMJ,emcgurko1,SkMMv3Xrp,9/8/2022,68,96612
01GWZ2APFGA0W27SXJPQKPS06N,shaburneo2,HXR7mG,8/5/2021,53,14338
01GWZ2APFK915T5CSP72K98E1W,gmasho3,Jrd6nVap70HE,2/16/2022,468,87290
01GWZ2APFPJ6KMB3DMZTGP84XV,vbreachero4,eTgev8y3Kr,1/15/2023,144,85952
01GWZ2APFSYEGENQC2H8E4KQKK,pcaugheyo5,CMEFcbnKJH,12/1/2022,316,69093
01GWZ2APFWDZRXPDBGSN28GXQD,dloyndono6,gGA731bHu,8/16/2022,151,39408
01GWZ2APFZJG7WC45XGJQQS8J5,wmcspirrono7,5N7INv,12/17/2022,142,55647
01GWZ2APG479SZ279KDJ73MYJC,mhedinghamo8,VsBCjMFBSFB,12/26/2021,71,26419
01GWZ2APG7NWBCNZ2KHRJW9H04,bwenderotto9,MstJJwzSi,10/19/2022,475,3744
01GWZ2APGAW99JS0P6APJP4P1Q,fstrugnelloa,b2XqWQ1BKj,6/24/2022,394,73396
01GWZ2APGCEE8GD0ZA2PGXQAN1,mlermitob,Ea4nG97od,9/5/2021,411,40377
01GWZ2APGEFWG06R0T86H8NM35,ehacaudoc,4DZvENEWU4e,11/12/2022,47,65790
01GWZ2APGHM1C7H8JZ6MQBH6Z2,maddeyod,cbsIwesaY05U,5/23/2021,408,64354
01GWZ2APGKYTNSRCFH8N2DW4H9,gboffeyoe,TKB4QZeHw6Y,1/15/2022,476,48810
01GWZ2APGNY9AENFWWJDZWNCH2,lspriggenof,FdfZ41PFX,2/8/2022,408,65708
01GWZ2APGR4DN44BS1J18DHWDJ,asouthamog,eXYYk6g,4/23/2021,149,59922
01GWZ2APGTF57DRJ2RX6X7YD4Z,zelstonoh,yERLNTm7,1/11/2021,131,79155
01GWZ2APGWXMG1SAP5GF8PPRG3,cperviewoi,HM7DUjV809p,7/26/2022,326,76751
01GWZ2APGX2W8541ATNFF5FGPS,jklaaasenoj,3B18639,6/4/2021,325,14469
01GWZ2APH0AGK4250GF5ADBKYF,earterok,lbdcQ3O9RM,1/11/2022,19,39958
01GWZ2APH2QN08NP0D1JD54Q3S,ghammillol,pkGzKKKRAK,6/2/2021,57,31770
01GWZ2APH4PWMBSZ5V9MGX3DEC,slobleom,lvJs93Su8AT,9/28/2022,73,903
01GWZ2APH67HS4CJECH1CJW77W,fkeerlon,xSE41lp4,10/3/2022,117,22490
01GWZ2APH8E7HAZJ7BY489TRXY,athornbarrowoo,x4V5gO,3/12/2021,78,6037
01GWZ2APH94XEC7ETBWW3YA7Y4,akingzettop,WXm7imov5t,6/24/2022,29,26780
01GWZ2APHART2FS7BR1SYEJQ2Y,hbarteroq,kKA5muXmcd,2/1/2022,154,85839
01GWZ2APHBS260TNQW7MT4AVDS,jalbistonor,ZB14OiLP9,1/5/2023,134,65
01GWZ2APHCVQ827SPKRPSCYJ8N,mzanetelloos,4rA6rdtw,5/8/2022,153,91733
01GWZ2APHF0A2FW07WYE1G3BSB,bdunkirkot,RchL1Cw4hhv,9/12/2021,389,59780
01GWZ2APHHSND9ACG2QVEGEDXM,efulksou,QBmRDTDodWT7,9/2/2021,327,40750
01GWZ2APHK7F7WXDFM4H188QQZ,ygalpinov,g4JCScKdCFYH,10/24/2021,164,43012
01GWZ2APHNGRM41DP8XBYCTYGC,wmouleow,j3P7D97jHXma,5/7/2022,458,54443
01GWZ2APHRK0AZS72MXHTQA6HP,mewlesox,EUUorGaduc8H,7/1/2021,142,45865
01GWZ2APHT13BD4RV6T69747DV,nvarndalloy,Mjx16Sp,1/17/2021,236,73664
01GWZ2APHV05GYTYG9YDC4B6WD,rlarticeoz,P5V22PIFdYDT,2/19/2022,455,89385
01GWZ2APHXM9E811Q7BWA56NNP,gmcgookinp0,duZt93udF,3/29/2022,93,59656
01GWZ2APHY74MBVTMMBPK8WS8Z,nmathisonp1,2hsRdC1GhB,6/28/2022,134,27980
01GWZ2APJ0285SX8ZXBMCEA619,rcuttlep2,qx5QIm,9/21/2021,380,65114
01GWZ2APJ1VQ08V9WWZMPS0T42,goliffp3,P7XkG8khpF,2/19/2023,190,62388
01GWZ2APJ2QNBYJ918MSXTKR80,pbowndep4,kKp68Jisx,9/14/2021,384,17119
01GWZ2APJ42MMBZC0GN8SEFK2B,tteecep5,RUwQDnOye2qA,3/15/2021,98,40039
01GWZ2APJ56KQD54TGWPT6EBZH,nvernip6,OsTF8vDTUI,3/28/2021,464,63365
01GWZ2APJ73VFHA1VS0TN2JVVS,ddimmickp7,kJ55qblEsipU,9/13/2022,399,93328
01GWZ2APJ95ZKP4M5FY0WKR2TC,epeersp8,MNaoit4rh,12/24/2022,282,47526
01GWZ2APJAX5NGGAQYCV1H1178,wclynterp9,dDqFBZPv9LW,4/2/2021,432,35915
01GWZ2APJBKNTRPB8F6JMHNZPG,wbindingpa,6dCJFDw,9/19/2022,17,72299
01GWZ2APJCNFCER93Z7W725QBK,bmckeowonpb,q7npX7,9/27/2021,36,68503
01GWZ2APJEREWKTB2DGQ2J44QJ,hevettspc,OXoqeZLifr,7/31/2021,250,10110
01GWZ2APJGTWSAB0SN4PQFEBH4,hwoolespd,qf1neNQQX,2/25/2021,260,96327
01GWZ2APJH01FNEYF4KTJ9PZST,mmunroepe,6JWj6Hh,4/14/2022,395,623
01GWZ2APJJAQVADH1QQT3KE8YE,amcsheapf,DX0ocH6g,1/14/2022,356,44402
01GWZ2APJMVR2JF74B0PA0DTHT,ncosterdpg,TC6v3xPe5,6/24/2022,223,24826
01GWZ2APJPJEN2ZQ5VVP99FC0G,dbarteletph,4AUFEn8p4Ty,6/23/2021,463,16690
01GWZ2APJQ4R60RQ25DS9NBDGQ,gbuxcypi,4WpuRfY1W,4/16/2021,378,1436
01GWZ2APJSM4QB2H2037KMWV65,lbrownettpj,kVIKHGpMb9,1/17/2022,54,94771
01GWZ2APJTGXCQGM62ZFJPY49D,myardleypk,8PM93CMEVzd,2/16/2023,358,53484
01GWZ2APJW5TQ1DBM9ZEMP4WY9,vviccarspl,EbPwjEuiWqhx,11/20/2022,481,47584
01GWZ2APJYM6GPWC4TFAR6QW77,dgirardipm,HqwmZTbfXoM,9/20/2022,382,79588
01GWZ2APK05KFG08MD5VHDM1X7,dvynehallpn,xQH44y,2/6/2023,60,39579
01GWZ2APK235VT4TKNS6QX9SBQ,tphilipponpo,m78wKp,7/23/2022,377,827
01GWZ2APK41ARNSFQ2XC3PR6NV,aseckerpp,irhAXP5,2/16/2021,212,8829
01GWZ2APK5TVT67NMAXG5R71GG,dgraypq,lWBniUplx6,12/27/2022,198,7790
01GWZ2APK713E09N6KS9JS42ZP,fkevispr,yVteKi,9/29/2021,171,74439
01GWZ2APK80VNTDRYQ3SGNQ6B0,hhubps,AR2aPaZsVhZ,1/19/2022,166,71602
01GWZ2APK9TT68CAZ9XSVN0V36,wodyvoypt,Iz971InzMGA,10/27/2022,118,46484
01GWZ2APKAYM6EFNPFF2WXRKCD,aledwichpu,cqalTTog,3/20/2021,98,76313
01GWZ2APKCJPZMBT3SFXSEHYHB,cpillingpv,50OCC4O,3/11/2021,337,22117
01GWZ2APKDVCFYM16JAY5FNYQT,bnodenpw,1tPrwid,1/30/2023,210,8094
01GWZ2APKE4GKXB8X2MSBPNYZY,lgommespx,AWboQiKmV,4/29/2022,374,16827
01GWZ2APKFP0H049TZAGPQHZ9D,mkerriganpy,UsFv7unskwvE,12/20/2021,210,92332
01GWZ2APKHVE80SGGAJQ0JNRCK,bredgatepz,BE7wb1yevYO1,2/7/2021,198,33557
01GWZ2APKJV9BT0DMA1BMRZ1QG,gluquetq0,DFlu9A,7/12/2021,465,39300
01GWZ2APKKCXT910MP41D8FCXQ,lahrendq1,f93DxEFIC,4/11/2021,59,28013
01GWZ2APKMNPNYS7MFR6EGPS3M,lnesbyq2,nr5rKiZS6o,7/9/2021,47,93741
01GWZ2APKNAHBC263Y3B1TJWM9,klantaffq3,qrzhGHj9,6/25/2021,156,52535
01GWZ2APKPQVJGVTPPW61DNTX1,ceplettq4,08JlTIFQ6,7/24/2022,416,32446
01GWZ2APKQPXTEPECEZY0ZCJ5X,pmeadowsq5,D4e99HFGu,9/14/2021,42,47738
01GWZ2APKSFMF5RYKJ4DP6K961,hlicenceq6,7FICEyF,7/10/2021,314,88884
01GWZ2APKTRJTWAV63VTAFKT0V,aloffelq7,RYVMvgbzeFCm,4/6/2022,466,88186
01GWZ2APKV5E1E05ANB0HQMXXR,vreysonq8,k5QuauBsg,8/20/2021,97,37482
01GWZ2APKWTCAAV3FN67H2YCF4,stomczakq9,UZcGC57U,6/27/2021,340,7759
01GWZ2APKYWEWNRHM9N8S2B70P,gjouanetqa,F5sHevvHn,9/3/2021,327,40146
01GWZ2APKZYGZWFN7NPJXYYZ8J,dshuteqb,f9Tr1Ynte,3/12/2023,337,70250
01GWZ2APM13CBSP79BBM4FC6RH,chawyesqc,gYI9bjcLccu,7/9/2021,328,81092
01GWZ2APM28HNWE7M6WCDY4JEP,schalcroftqd,ZvW9OX,4/15/2022,358,1193
01GWZ2APM3Q4QR5N5F965AF9CJ,xtrebleqe,f6AkjHDYbjY,8/22/2022,273,48154
01GWZ2APM4B5Q47YGCT4XAPFM7,lchurmsqf,5WOcCp0,9/10/2021,265,86137
01GWZ2APM50ZJ6D9BA7CV8P9HS,dleveeqg,JknVWT,6/22/2021,303,55392
01GWZ2APM7SGPVCDZ82HK87GP3,pbrunstanqh,FXoBhk,11/18/2021,16,93413
01GWZ2APM8RN8PTR8S48D42KPR,atakleqi,WUAFVP4BbV8Q,10/31/2021,405,56315
01GWZ2APM92FE47AKWSB543Z31,slaunderqj,ssMvEVEad,6/18/2022,3,11207
01GWZ2APMA8012QS09NC2RGB87,tledraneqk,8ZECkcZPHW,3/24/2023,83,39396
01GWZ2APMC4K9JKVC3XWE897XA,ksteinsonql,2X7aVB,8/9/2021,365,65075
01GWZ2APMDPEENRMHDS6AVH92B,klampkinqm,D724JeyN,8/31/2021,120,77409
01GWZ2APMEDRNBWB7SWYAZ0SXE,nbowmerqn,1MkCgYpIX,7/26/2022,317,99781
01GWZ2APMGWV1M0RJ5FNMWK736,rbartropqo,LU8NN1I,1/10/2022,193,21696
01GWZ2APMHTRV9W99MNJYSTFQ5,fekellqp,T7wwNDtTzu,2/16/2022,230,96140
01GWZ2APMJVE5C7Z4DW5YWH643,kclossqq,sfv85yK4jHYg,3/24/2023,116,93440
01GWZ2APMMWERN1V1NK7ZD431F,cferneqr,r6imf35K,1/4/2022,313,82050
01GWZ2APMNXH0RYK61Y3WYY7SC,mstreetingqs,tsPlYS,6/23/2021,266,38687
01GWZ2APMPEAPGVTNZMNC3R98A,fslixbyqt,vFhIpzAB,6/1/2022,126,8884
01GWZ2APMQSJ03KWWA8FV5318X,jmateiqu,YWc0la1O8k,7/11/2022,149,59128
01GWZ2APMR5FTRTP5Q9QAYF2K7,skingswellqv,8H8FbM,9/3/2021,266,90337
01GWZ2APMSJPTBCERCH7HVWG13,dloadmanqw,BTz9N6uVd,5/14/2021,29,35985
01GWZ2APMT1WAZYP2XANHSRN4M,awintersqx,0UIQNVv,1/15/2021,190,73651
01GWZ2APMWW04NTMNRWT1PJV6J,gwestripqy,BSlitzYqlF,4/29/2021,436,88302
01GWZ2APMXE3X12PYFTWVCAK5F,mgartshoreqz,1HJ8uBuL,5/17/2022,394,24381
01GWZ2APMYCS5S096YVC2ECQP4,bcoltonr0,BPhrurNAU,1/14/2021,313,1683
01GWZ2APMZ1K6YK2JJJQ2JTXXC,hseilerr1,Sef3bCn6W,5/5/2022,287,31495
01GWZ2APN0K342DS4B5P8DQZ4F,cellistonr2,rVQb2K,2/17/2021,408,14677
01GWZ2APN1X5VY5F21JGD5DFJ5,bdiggerr3,ZalDkSw,7/14/2021,430,31200
01GWZ2APN3ABF1TMG5MP8DZ0AR,amcewanr4,OGcYLxR,12/10/2021,342,99422
01GWZ2APN4TP0147EFDA8X70NJ,yharrowellr5,eWZa94i1u,8/8/2022,121,47232
01GWZ2APN6WF8Q32H8B1VE2F86,rmcwhanr6,ztcCUkK2u6U,3/16/2022,366,78457
01GWZ2APN84QSXYY4S5KJDJ94B,vcostarr7,TrX5PaJ9,1/24/2022,205,23922
01GWZ2APNANW55WNGDAVY6CZCA,ccostallr8,vmSZzSwmt,8/5/2021,353,75283
01GWZ2APNCK4ZQXMM05W5HNTXK,yeglinr9,mxOTWaM,1/9/2021,324,84216
01GWZ2APNDEF1JZKPTWCKBC1ZY,ncorzonra,mSWmZX5tG8,7/23/2022,455,24161
01GWZ2APNE01PQKY0JJ4EM3KRZ,gsetchfieldrb,K3m7xBJQH9Ug,11/18/2022,15,99902
01GWZ2APNF2ANHAXC5J95R2729,arickcordrc,OEyWa9r,11/9/2022,64,79031
01GWZ2APNG37MF2FRDDSHD2H1E,felmarrd,Ig0riPCo,5/12/2022,52,65403
01GWZ2APNH98T0TYKRNQMB9R99,smcilwrickre,IZgVyW,12/7/2021,167,20682
01GWZ2APNJD78YJJXFC6A9SCE8,nwhalrf,BcqE8CYdmw,7/28/2022,151,43940
01GWZ2APNMRTYFTE76NJRSB9EH,vstreaterrg,pLQ7r6f,2/11/2022,329,81568
01GWZ2APNNFNG5NPDVFF2ED8FQ,ssametrh,cjUa8xUdH,10/15/2021,318,71848
01GWZ2APNPJF75YHWP96R2SFWS,droggemanri,1g57C87E,11/9/2022,187,3508
01GWZ2APNQ8HQMH7GRW70E4XXE,abenoisrj,gj4rEO,8/29/2021,490,14180
01GWZ2APNRJM742619B1V77E54,ashaplinrk,CDlVTOgA,10/26/2021,31,15071
01GWZ2APNSAR620SEP4RN10G3C,rohegertierl,Qxnh4T,7/5/2022,445,52628
01GWZ2APNVERH3YPTTR37SHXF9,tyieldingrm,bWXWlASSoBhr,7/22/2021,221,84339
01GWZ2APNWM72PB5XTVEC894V9,jblickrn,ExfmS2biBqjJ,1/27/2021,73,47933
01GWZ2APNXC37SRY7GYY6YADM1,tramsbyro,wrrOHpzTau,3/23/2021,368,98980
01GWZ2APNY5C3J63Q6WQ4C0NN3,eschumacherrp,zIiWxOLeVDH3,8/10/2022,391,47889
01GWZ2APNZH29BWFDBAT6BC724,fbissrq,H8RdVbQpehb,3/4/2022,249,4760
01GWZ2APP00RD47VGQN8Q119YN,lbrazurrr,oyv4Ps,4/8/2021,335,17982
