user_id,password
1,YBIHk9Lx
2,4KMSqmrT
3,6svRQUWy
4,w0L5kjcK
5,iTjJx5E1
6,KcfDICAk
7,VofEDIhb
8,No32dRgb
9,x0o2RkFi
10,N0Lh3rRZ
11,S4lSLGxx
12,rd5CQLSw
13,s5MwFs8s
14,MG6raYip
15,kemOKKFD
16,LGhunsed
17,5sCYggjB
18,aEECBJHn
19,GSvnq7VS
20,u86cloXr
21,ie6RsvVj
22,TOnAvSnn
23,VuM6N3Bz
24,XpVJMte8
25,z7itPQjL
26,4ubbs0DI
27,ClVv87t4
28,dpuJkh5A
29,Wmbt1IF9
30,jZpruwTJ
31,6rKmBKVB
32,vkfy5bhV
33,yuFxOFJf
34,riUPkU1H
35,IfFNAnv8
36,8aDhwD29
37,IcNM73he
38,zAHNyJof
39,0cZRodJZ
40,Bh0wkayI
41,HQ83beS3
42,D7JsCtVw
43,9xBVgcQP
44,Gtsgt54E
45,rFYc4REJ
46,NRTtfAex
47,QFL1re1Z
48,BVGY4xFG
49,S6pNG9Fi
50,sQmf65OC
51,euMfUPj5
52,BtiLESvB
53,S0t6Lmqq
54,aAykplLu
55,mpCnBlyA
56,T1h95JRn
57,j9Wmu7DL
58,Wd5Gl7CK
59,KIDC4VvJ
60,AbrQrQFi
61,d6eDf3C4
62,Doa4Cfwg
63,1oAPBLrT
64,nR87rUed
65,bYJacpYT
66,gs45bjki
67,5k66Uqan
68,YYRXcpAu
69,fzVHR6Ld
70,VitLpJT6
71,55JHXR2s
72,Pe7btFdY
73,nxdaasbP
74,eyBenPzo
75,oays05cQ
76,Noz7aY5M
77,NcZTzb0o
78,FnI7iPjs
79,gBiGOUQx
80,KXDRvT44
81,erRszDbv
82,hwp95wJM
83,R3Ocx9LT
84,XAPmRo9E
85,XLqvuOfR
86,rW1IQ1RV
87,xSENTtKh
88,a1x3FsMn
89,YHZwV0bZ
90,qshNww1G
91,YNyNxgDD
92,SExL8dkU
93,RXKqV7Zh
94,8W4XgDLc
95,QKq5Itex
96,GSASjyi8
97,0vqIzUQa
98,vFDLlSK5
99,rh9b9i1T
100,SrqAmevy
101,1lirKHxs
102,2C39HkmR
103,ap93Lb7i
104,gaZ0xRgr
105,BsjLIn3r
106,f4nzoeNN
107,8n5NZGuW
108,jTYSEbsw
109,5AkNK7yA
110,MdlbITPV
111,5xNc9HnS
112,C2fJlSDW
113,8JYVVyfa
114,mlv8wLFq
115,Nai4LcmJ
116,pk7GLAPH
117,MvfndIjD
118,MO3UCrJG
119,lCVheEuK
120,uqZV8Ziq
121,rvTS1pWb
122,Jks92Dwu
123,x0bWKU30
124,cTmRGT1V
125,nlyTyE2X
126,oyaxB1wM
127,xfk0KPVj
128,GH2UKqWr
129,dSLNfD7l
130,2vaAF0Ho
131,pnMEWOFQ
132,djM0sXCd
133,xHCxxm84
134,rFTppPf6
135,vtqNFAky
136,lH4LGyMD
137,ueKxhkr9
138,IpsclaHS
139,cm2HJkUf
140,VSDjBSdX
141,ZYOn2uHC
142,y1aBSe7U
143,mN2pMCAK
144,mg00AFjw
145,0iN4NwFa
146,tevW6oFY
147,Qy7v2hqf
148,NREvK7sJ
149,OCA4uHcy
150,sjbTXFtY
151,EhOuJBI6
152,640TqMP7
153,KV2ndIEf
154,6o1a63UT
155,jHG17ztm
156,EVbtzz2Y
157,q5EZ7mpn
158,Li50JygF
159,yFHks4fo
160,dSye25Qe
161,d82v1WUy
162,QMONJNSc
163,Uztfq416
164,5vb5ERV9
165,g47Xy54t
166,r7WpGym8
167,ZWQdFa1s
168,pEz59q3d
169,Us4KmiD8
170,dfsc8cKw
171,0H3FWRZT
172,FRQZ8L1I
173,Ye2IdVZR
174,bHz5E6fs
175,gyoLeJMb
176,se76KOle
177,VlnhrH1B
178,pHjk5ZrP
179,ZRfE51GD
180,TKVm6zUz
181,x7zPSRW2
182,QbGR5mbT
183,7WWwZ4is
184,x1aOmMvL
185,LHv9ZX81
186,UzOAj9qk
187,xRsFjYCZ
188,7zEEqcHX
189,S64JdMXR
190,xPnHLirj
191,rhhLoP8l
192,v8fnNgOz
193,0eYWxmtO
194,EAZYGoks
195,4gJObv4Q
196,r4ycklh4
197,QlANkoFf
198,eLArgNjw
199,HDJ1jBFV
200,OMumWZ9Q
201,eizTgHJS
202,wdGP8vbE
203,IosCRCW7
204,k7rilATK
205,eADiPLSb
206,LAHsM5WJ
207,aEzq9R2M
208,b0oarpa3
209,lGoHgfl9
210,jvGuv2Dh
211,vaa0Ooig
212,OyxBxDCT
213,bKL8ZjwQ
214,Tb6hfkPM
215,436oXAkE
216,P0ULQex5
217,2goa9kG5
218,qLirmZqE
219,Vb1T5fUt
220,tdVzgfro
221,a7pNRFD0
222,iis5bOWG
223,LJmRpAzk
224,bMBUnuvl
225,aYn5gLpH
226,APjTO4BT
227,vCtlUP7Z
228,8i4ghdKo
229,1qPRiava
230,0tCkstLj
231,XkNTm7PN
232,kYRybpnx
233,Otla7isx
234,0rVv05WZ
235,jNEybL9I
236,zsZDhh0K
237,T6o7v1qD
238,k0rHSZZD
239,FriX16ZV
240,ji5y5emu
241,QUPMNO5Z
242,ei4ZXcPp
243,8vXMKuTI
244,Z3KpQAiT
245,Td1hDzeA
246,GWESfAvx
247,P6mp4wXP
248,nOzWkzyH
249,yKp9h9oE
250,rnqMY2co
251,kIIPjUyb
252,lT5jBSnN
253,Iifl9wLl
254,j4fcYSS7
255,RcbA2Knm
256,uoObIEZR
257,hebUqWDb
258,RVllkz5l
259,aZr5gQlM
260,TKUMVpDh
261,JEtGPsRa
262,wVby6FFA
263,cJUVhiMb
264,0NEh95oV
265,ryGGG9PG
266,wDuCHe3e
267,u3d1420m
268,OP8gnrpv
269,PKdaLjKe
270,IABzpz67
271,jpwHNhGE
272,0T31AvgI
273,zG9Vqcjf
274,0lzdlbEa
275,UKPpJBX1
276,2gY0AtpN
277,79dADuX6
278,ndgmTiXK
279,3jpJS2JT
280,ZC6TVgPR
281,vIFxwMaq
282,mRbYxOoG
283,ZEhwykjX
284,iYjqcOhN
285,mvj18EYb
286,OaB7YfAj
287,YvGCkPh9
288,4HbVFjRG
289,ZTbP3c7t
290,kWe1286W
291,47oMfJQg
292,W4UweMDC
293,qgs9UBL2
294,biUGFPPA
295,UtGcTfwB
296,3xkMgpOm
297,slayFQLH
298,TuMUlce3
299,fXQtOeyb
300,eQXkhiIA
301,kLbtfCfe
302,jqqwrKge
303,Bs3Lcc9r
304,bZJe1dv4
305,PDVbwxgH
306,GyYXU7uW
307,Ll0AEKVu
308,FjvRVTc2
309,yMVvizeI
310,oIwtl9hR
311,iLQJmhzm
312,DDTvO7Yu
313,kpQTEpn9
314,BJDJQPqJ
315,3YlFUXqr
316,YmzpLxAl
317,g51OfrZX
318,WdGVeqSL
319,snZqKZh7
320,QKjq6Vi9
321,X5FaUECR
322,kcAhH1B0
323,kVxYabmf
324,LIZSTilk
325,aQNCz5B0
326,JoBZIfRd
327,d5G40oiA
328,MVhseMbX
329,ZfQtpBof
330,GxseJfxS
331,ydMBf0bY
332,pMcbNQE8
333,59nrUeHP
334,Xi9l5MqB
335,CDa9fPEC
336,29mZiy8J
337,iG9Idtzl
338,4keGe7V3
339,bfws8css
340,RvxErNJE
341,BwfoXJ6j
342,xoZq4o2J
343,DZOMCxXT
344,hyDsnsOk
345,YOpTzipp
346,ZJIEPQvS
347,lq1Ajj2V
348,FKhJgHLW
349,JT0EDgK5
350,7NKWllyk
351,7gLEFQvk
352,08Adl08g
353,TAyI0VrU
354,3KL99lxl
355,AKjOHdw2
356,2d5xjAV3
357,DAwMA7a2
358,P7dbeCbZ
359,O8mSUsBU
360,gTfM3NQ1
361,DGnm7F6z
362,V5ZpzhaA
363,y6lKtMrL
364,4P4rBlMK
365,gqVh5PcE
366,7i7iElIq
367,xmcf56vq
368,I8vEVRIP
369,7bXH5Lm7
370,i3Zo9YUI
371,Zkf9B2ZA
372,DiPHIhIf
373,iaZ5qfG0
374,Zpe5WCwM
375,gAr0VwA2
376,YtZCibwF
377,NHZwq4QO
378,NVPWHoWa
379,LU3hG8bf
380,lYImzDCp
381,dExkwzK2
382,o28m8wzZ
383,jdMRvWcO
384,tC2GnNHd
385,wPe6Js12
386,K6x9IaV5
387,CwT128WN
388,bfia33Jg
389,gILhyk6a
390,71ZNL7v8
391,AMokcG1r
392,K6P8HNx4
393,IlujhUCH
394,3tn7obCR
395,e05Kv2Q6
396,7O5zsXIA
397,TQNeh6k9
398,4I7MhGwh
399,VF8ANVMD
400,3Dc0PAGb
401,psvQarYr
402,D02qTXxQ
403,CwTiOyNK
404,vxGmkmHx
405,QAeBWIIG
406,gufdOW5X
407,SoZrMa52
408,QuWvAUdv
409,LM4uzPzD
410,SFJs0v4Y
411,XVO0V8Tt
412,wJX0bu1V
413,agUmIN43
414,mMT2KbUp
415,7XgLKi9k
416,lvzWwguP
417,finrb6AJ
418,ZVFV1dXe
419,Qr6Lwnd7
420,p8YbGaJK
421,YvjlUXNa
422,aLLEna1z
423,lKSfmp60
424,5YtNNBZL
425,hmIOgq8C
426,kcLXADUR
427,2JjqVoVe
428,MtO1o88q
429,982ZHp1w
430,NitOHqBH
431,0EDd3lW2
432,QsgXVoyd
433,HYILIWUe
434,2FGeZhWz
435,Vr0yPK69
436,bdyKhXhc
437,qXQje2hC
438,BzWztKTB
439,dKY0bWvn
440,LoD8CmFB
441,KWvMhFUD
442,mNd0JBac
443,wmVHOuRW
444,rxCBp4i3
445,CjUBD3H6
446,LLEowD33
447,VxF12laT
448,ZEzIe30M
449,hXnf4guh
450,vMvCN7PA
451,Wtvj1THd
452,Z3wS9dLt
453,a0qeDSEB
454,3mLGFU0m
455,qh6s6hQQ
456,nDaLWnzo
457,2ust9n4i
458,XmMhz6nh
459,2PpMVh0C
460,9WDImobh
461,DSbyIUeo
462,qnEIpojg
463,TUMKYXlT
464,xSs8vsLE
465,d5st7Uji
466,Xs6FS9LZ
467,oEw40jtE
468,8jIz2qAe
469,TC6WsM4D
470,ivbxsCbH
471,108ozP1I
472,KlavcAER
473,ZBXWlLOn
474,EVHa23BB
475,9wSlcILl
476,j7LhdwvN
477,Hhky6WTY
478,3aFI8xFS
479,M2iWIgN6
480,CDTk2HcC
481,Q92ddJdw
482,cyzzHMRM
483,RqaXaR4H
484,AOCu5d2f
485,anWKjKql
486,qzJIQi2m
487,c0VdzH5l
488,VWsSqsBy
489,oM8LKGwK
490,H9PmuHPK
491,IOcP8OpZ
492,XbCWwgaL
493,ofaem1tA
494,q1lyz6Ic
495,YWpifWyA
496,rWqHTyNN
497,w6i9lzqX
498,mI5iPT69
499,mN6POH7G
500,UWWiRmze
501,dGf2FaT5
502,WktEFlNN
503,wqk7f5N4
504,dUNKUu96
505,4UFs61sx
506,b3Q5pCif
507,1Mn1ukjY
508,nR6TeHoq
509,pG50TlBp
510,5Ck0oufm
511,1RBEzKP3
512,UOX3XprZ
513,sfs5ETe4
514,8TAy1l2H
515,SepnjGeF
516,Jx3F5B3s
517,boYCBSHz
518,JSOB6PNY
519,ebceYctm
520,AWkoTKoZ
521,fHZxCKkt
522,qCk3OJEJ
523,as7Ygve2
524,JQXwEg8U
525,QsjSMmiw
526,vwvtjdbV
527,GzmqojLS
528,zrYzCa1P
529,5hunkUZM
530,KrqqebQj
531,7lykHEuM
532,WAdlqApE
533,BLGa4VW3
534,Me9sI5Nr
535,5R7s3UYE
536,Z5xs1HWL
537,TzOd0MSH
538,rRVxInJR
539,NLRRTqk6
540,I29NywFY
541,UzuOdRBP
542,0F22M72Z
543,rYfr9dJB
544,tczdghnV
545,EFURv4yu
546,p3QE8THk
547,be53M6MV
548,IeWHeZJH
549,03uDuRt9
550,vPa6t8l8
551,wVJdDsSL
552,SUb2hmMy
553,aEgBxLXA
554,kNcFkkAZ
555,hMiIl4pt
556,Sdui5hiG
557,pMOPt39A
558,UvuKQ6sX
559,HyX6p0As
560,GDm8B0i0
561,KhI5BoIJ
562,nNMDfoek
563,nWR5au02
564,b5D2NVGM
565,UuR34E1n
566,nWL9VxwW
567,uvHYMub4
568,Bxa8eitZ
569,ocRHgF5D
570,G7WlAu5b
571,k4jHAAp3
572,UelY3iEK
573,FBtk2Pys
574,Qg7vcD6o
575,RW8P2xU8
576,xwivVDEu
577,VMYDGx4E
578,H3OnGqI1
579,xf2JspKJ
580,RnJWWE25
581,ds5wNwuY
582,W2fpAtNH
583,5y3G8sBB
584,rUjkEqsf
585,WjWhaM5R
586,l4u6MTH4
587,IW7kn627
588,WZm8Vg1P
589,FfYbDFYm
590,BpQVQWq5
591,pzVIpvSf
592,MoQqqcYM
593,1BvmhjxF
594,bP2pnA6k
595,Dcaz8Q0c
596,gZRTwZ4R
597,Dvm0Yjz0
598,11DisBl4
599,aEQrTL8Q
600,YemsRbsO
601,SOSmTAcA
602,cYCkpjeb
603,0qouB7ng
604,2bS9T6eI
605,jujrPUeu
606,60dxLyGx
607,quQFsiyN
608,HWudMO0D
609,53gYEsQP
610,mVY4lTr4
611,G8sIYnXS
612,CyaHMgnj
613,GWwInvfX
614,p0LejM9n
615,vEPolw8z
616,bPeIxxW0
617,TOjcjCPr
618,zMq2jm3Z
619,JkhLkAmS
620,W3sJpopZ
621,lbWkeIHg
622,01Wab2yn
623,moN5Uxnz
624,ALitfp3v
625,QATqlZdg
626,GC3kYpgh
627,iNE04y6u
628,t5f5rStX
629,ztycgPkC
630,821m3rsk
631,D991X9cW
632,sWbQQAdu
633,0hNhPVjY
634,I2UjXc4O
635,a8LMtZxF
636,vwMgRqBI
637,jHH5J1LP
638,Phzb9EA9
639,Q2kOWfXm
640,1mOZ48Cs
641,47izolwt
642,gNixWOZL
643,D4Nw5HBO
644,wUrdeuNq
645,UYPSUp5P
646,oXYtWhsV
647,1h9Ma783
648,jHF7Ew0k
649,UfZMUIZv
650,bKBC3L9S
651,U87XkWI4
652,LLpFfl0Z
653,cg61MDF1
654,DvEl7sTa
655,EQ6crA35
656,2sKtq9wp
657,asD06j7o
658,LTydwqdj
659,XGGnd57e
660,UMt0E8SH
661,PC9ned5V
662,55ltCTCW
663,w5hnyODa
664,5Zrl6QtA
665,GUjQEaMn
666,oPc2j0PI
667,XsqaIvUb
668,LCacH11w
669,s6WV6YZM
670,ZAJOFmqa
671,YJAAboUi
672,0noNqNwR
673,5TC3YkXp
674,4EygSs2e
675,s5krb68F
676,djpysZA2
677,gWZE7pve
678,z8c0lDKR
679,gWgFFMFt
680,JiQTSpRf
681,FuNbcmcE
682,q6EDHwce
683,Dag1tYyx
684,LxFX2QNY
685,b6SXP9ia
686,A6hyLAi6
687,XV0fa4he
688,TohGsguH
689,StmxZN91
690,xh9ZVMY8
691,n55zYXms
692,oPQPEAqD
693,l4s9j296
694,nNFSdVg5
695,eongEw6W
696,aw7RhWfk
697,0JG6wgdq
698,ht2j42jQ
699,91FHN27G
700,67ZlzMRx
701,w4boJxsj
702,T70Hrjhv
703,eDypRvFp
704,PqxNcwBk
705,Yp7Kssde
706,sgtZJbMn
707,XwBYVpm0
708,GaBY5zJ7
709,ACnjKHLM
710,pOniqdid
711,quQXXV1G
712,YADZiQPg
713,bAZUjkmr
714,ORL0DB5N
715,nnVXUwFA
716,VYlxZEh0
717,W61AkpSx
718,0yCBcfFI
719,vVW3EGOB
720,uk3V9UW0
721,3CWcktzf
722,pjfxE05b
723,oHSBFG6S
724,qLOyZAhA
725,N6BIqWrU
726,G22zmhEm
727,M39s4FdY
728,3Wgv0mXV
729,iHAAa8Sa
730,RcD5bKIv
731,v0g0SvpN
732,nL1TbX09
733,1sCHdSFd
734,SIcSeVRj
735,lSsNp8wZ
736,B4Vln38K
737,HZWA60Su
738,1lCW77lz
739,wDBJGreO
740,NAMydEmy
741,CeaLvxPk
742,gJWxFQsv
743,u2b0DsZU
744,VmlVHJd5
745,cW8SXDX5
746,jD82BcvV
747,ZUBbFwwn
748,ticcEZji
749,UVnQwU3Q
750,qgJOofNq
751,kYyqKazo
752,CHb1Cdf5
753,TBXQWXtT
754,Eow0Tzhv
755,BoUydrRh
756,dXGMhymm
757,AvzTlKGj
758,ckfuxNNF
759,Cja1IExd
760,pCelYEfh
761,LrskwKw7
762,d2VbkZYo
763,3rwFHcLp
764,Tr7tkps8
765,fgQfWQXy
766,eOHrXgYx
767,PflEORoh
768,isMHhGZm
769,2ENZFSMv
770,EpkCVEvh
771,odpHdz2G
772,i5rDgdym
773,zJcD09dY
774,L21SD9uz
775,NZSeWs57
776,EEEWtPNs
777,oNMzNkwz
778,fBj6U0W9
779,1U7V0b4c
780,BFAxhiIk
781,kExZWqaO
782,LR4tmOb9
783,j9LUFHpt
784,bNCxS2f8
785,9CoBWEeY
786,kQpUnyNP
787,pcI1Xs2K
788,qB3xfgVj
789,h5UkDD65
790,uRwQFZ4S
791,2EisNrnX
792,ACRwf7lw
793,o29RVpjl
794,42VfVobC
795,IvUnBzs1
796,XVc4jGSc
797,lXw5KQiS
798,1UtQkuYM
799,Zu2n2ply
800,YVVTQvpY
801,Gw8am12H
802,0jjsX8iX
803,B5EZfws6
804,FWWAyj0I
805,7Zes7Wk7
806,Lug0V9AE
807,iUPjKf8y
808,eEhvHCbC
809,35ZdJHG8
810,Ht4MtYfN
811,urzwLlm8
812,AdQg1U9d
813,5tRKUnEs
814,4pK4surE
815,AxcTJMVS
816,rFsAdP84
817,xw8sXmIU
818,ONdJ3Vim
819,bHyAcsVy
820,hppdRoTR
821,VZtrlpIn
822,QrZly5A8
823,TPfBuhmC
824,0Rycdlx0
825,Ud2tWu9U
826,A1LmJNXL
827,ptwp2uda
828,7ewCD6ZN
829,8IPDI80b
830,lhRQ5KuO
831,zB0aL163
832,Gc2RovlE
833,gwJytPSF
834,feqqJJCe
835,8jAsDEQ9
836,nafmyYCz
837,6Mg429gc
838,xIMrLjLS
839,oaiYQXZH
840,JKjogpup
841,ctRUa2Dj
842,J60evrSH
843,RPKdKhWD
844,61RIj2sS
845,xCO7Y3Hm
846,dvpW1jtG
847,5FrG36bx
848,XLscV5k7
849,AqERok4n
850,STD0IfJR
851,ccfRRSjI
852,5cNwUxWh
853,9RiHE7bn
854,b76ynMdw
855,ERNPUUhd
856,1RqSPxVZ
857,5L99gBNs
858,4rX9MgMd
859,VGPdnbsI
860,bCpNyqhF
861,qZVk0ZN6
862,nfh106R7
863,l6dE45uR
864,YTsNIJLr
865,v2SXa0kJ
866,LFYJpnYR
867,rmwgXGUJ
868,OiOoErAk
869,7JYQlvs2
870,DI5e2YkE
871,884VNc5K
872,xW7qfNNR
873,LD0vV3rm
874,MDizrtZV
875,jRWRISJ5
876,T3kH6G2e
877,2RopvVz3
878,UGyZqO8J
879,0Gq4XOae
880,mDqfMBXu
881,sjh6lFa9
882,KfxzZAJz
883,pDT5xWGS
884,xt54ySDT
885,8Udc3A2L
886,vFHB7QEZ
887,kJYuxj1t
888,YA2Oiyph
889,2Z42IU7j
890,gixtjJNV
891,EG3WfTdF
892,fP2H21ZN
893,2NuN8Ur4
894,nTlOPLAm
895,W8T4O5Pp
896,pAOlPsI6
897,lhtw6HgZ
898,Q4o5kV3O
899,F0qa0EdV
900,7qLEtvSD
901,RNDSJtgp
902,0NQ7UJmO
903,InoZCcN9
904,PiXeaWnr
905,1qm3e3Nf
906,vW4AqjOW
907,y7oPC4ZP
908,4kMwZ3Lc
909,Yhwz1uIN
910,2EgKtRz2
911,NsiFb29E
912,KZeZrPD1
913,WP7BGeas
914,7k96jxzh
915,ZMfAhpgG
916,0xqVarDD
917,m43ZI1K8
918,7G2E7eOL
919,7SlDu3PJ
920,X1uDKuy8
921,LzMwUCWP
922,exm5PFih
923,AvI1xUL1
924,5aKZ2nEq
925,8IRJrXBG
926,SgbAAWhr
927,9HgXQn70
928,OWpqKfMJ
929,4C5gISkm
930,qtstXZ0w
931,2JxdaB0D
932,WFerRWJF
933,7RbKO8U4
934,3dvkGxYt
935,LLkujpYN
936,5BkLXI4G
937,5Kzes9NF
938,tKsFaEOo
939,19yuLk1w
940,ihVghHEz
941,RfgJRiZE
942,iKhsOXu1
943,V056KUlZ
944,VgotSnd5
945,qJM9w2YB
946,UPNElLRe
947,rkQIhQvK
948,ajKRtKOB
949,XGj3dZPE
950,lar6nQs8
951,lBtDmZlu
952,YHcClh9k
953,IR7qpM6F
954,HDdLVV2g
955,OLDNNiwt
956,WpRgLs4j
957,JhFnqzjm
958,QAz4r4nR
959,lW6Oks0K
960,SdjUTiZJ
961,JGxSP3SO
962,NGkGGR3t
963,XXtd5npk
964,LqudPlxO
965,nS9COoHp
966,kbQUFWgp
967,kCVpMSqH
968,bGxFQfwb
969,s6buYRGy
970,wXHc4ebJ
971,VvhQscXP
972,ZNjMKcFP
973,PKenoONr
974,Idf0EstU
975,7YlfTZRv
976,CC2c8EpP
977,pU4RrQlx
978,RecOS0Pl
979,mYq5DPb8
980,WX8wdERS
981,n4bVJD8H
982,CVj2YINN
983,RffAcLGz
984,SsIRaKiW
985,Vr0RI1hQ
986,2Rh1GYWF
987,pHOOvF7C
988,sVMoG3MV
989,fWMKRxzT
990,XQXnhhwh
991,in9Yq2vk
992,AcjblOga
993,Sk90wFSD
994,12YvxNaf
995,VdSnFMzd
996,mbroYgAV
997,emGdAcpI
998,LZn8aHow
999,kpDKIksx
1000,wTXlMQlz
